Sample in Buffer,Sample in Window,TRIGGER,staged_mac_bd_i/system_ila_0/inst/net_slot_0_axis_tdata[31:0],staged_mac_bd_i/system_ila_0/inst/net_slot_0_axis_tid[7:0],staged_mac_bd_i/system_ila_0/inst/net_slot_0_axis_tvalid,staged_mac_bd_i/system_ila_0/inst/net_slot_0_axis_tready,staged_mac_bd_i/system_ila_0/inst/net_slot_0_axis_tlast,staged_mac_bd_i/system_ila_0/inst/net_slot_1_axis_tdata[31:0],staged_mac_bd_i/system_ila_0/inst/net_slot_1_axis_tid[7:0],staged_mac_bd_i/system_ila_0/inst/net_slot_1_axis_tvalid,staged_mac_bd_i/system_ila_0/inst/net_slot_1_axis_tready,staged_mac_bd_i/system_ila_0/inst/net_slot_1_axis_tlast,Interface_(i1:s0)_(axi_fifo_mm_s_0_AXI_STR_TXD)[2:0],Interface_(i1:s1)_(piped_mac_0_MO_AXIS)[2:0],T_Channel_(i1:s0)_(axi_fifo_mm_s_0_AXI_STR_TXD)[2:0],T_Channel_(i1:s1)_(piped_mac_0_MO_AXIS)[2:0]
Radix - UNSIGNED,UNSIGNED,UNSIGNED,HEX,HEX,HEX,HEX,HEX,HEX,HEX,HEX,HEX,HEX,HEX,HEX,HEX,HEX
0,0,0,be27eb3d,00,0,1,0,00000000,00,0,1,0,"_","_","_","_"
1,1,0,be27eb3d,00,0,1,0,00000000,00,0,1,0,"_","_","_","_"
2,2,0,be27eb3d,00,0,1,0,00000000,00,0,1,0,"_","_","_","_"
3,3,0,be27eb3d,00,0,1,0,00000000,00,0,1,0,"_","_","_","_"
4,4,0,be27eb3d,00,0,1,0,00000000,00,0,1,0,"_","_","_","_"
5,5,0,be27eb3d,00,0,1,0,00000000,00,0,1,0,"_","_","_","_"
6,6,0,be27eb3d,00,0,1,0,00000000,00,0,1,0,"_","_","_","_"
7,7,0,be27eb3d,00,0,1,0,00000000,00,0,1,0,"_","_","_","_"
8,8,0,3ca0a0a1,00,1,1,0,00000000,00,0,1,0,"Active","_","Stream Beat","_"
9,9,0,3ca0a0a1,00,0,0,0,00000000,00,0,1,0,"_","_","_","_"
10,10,0,3ca0a0a1,00,0,0,0,00000000,00,0,1,0,"_","_","_","_"
11,11,0,3ca0a0a1,00,0,0,0,00000000,00,0,1,0,"_","_","_","_"
12,12,0,3ca0a0a1,00,0,0,0,00000000,00,0,1,0,"_","_","_","_"
13,13,0,3ca0a0a1,00,0,0,0,00000000,00,0,1,0,"_","_","_","_"
14,14,0,3ca0a0a1,00,0,0,0,00000000,00,0,1,0,"_","_","_","_"
15,15,0,3ca0a0a1,00,0,0,0,00000000,00,0,1,0,"_","_","_","_"
16,16,0,3ca0a0a1,00,0,0,0,00000000,00,0,1,0,"_","_","_","_"
17,17,0,3ca0a0a1,00,0,0,0,00000000,00,0,1,0,"_","_","_","_"
18,18,0,3ca0a0a1,00,0,0,0,00000000,00,0,1,0,"_","_","_","_"
19,19,0,3ca0a0a1,00,0,0,0,00000000,00,0,1,0,"_","_","_","_"
20,20,0,3ca0a0a1,00,0,0,0,00000000,00,0,1,0,"_","_","_","_"
21,21,0,3ca0a0a1,00,0,0,0,00000000,00,0,1,0,"_","_","_","_"
22,22,0,3ca0a0a1,00,0,0,0,00000000,00,0,1,0,"_","_","_","_"
23,23,0,3ca0a0a1,00,0,0,0,00000000,00,0,1,0,"_","_","_","_"
24,24,0,3ca0a0a1,00,0,0,0,00000000,00,0,1,0,"_","_","_","_"
25,25,0,3ca0a0a1,00,0,0,0,00000000,00,0,1,0,"_","_","_","_"
26,26,0,3ca0a0a1,00,0,0,0,00000000,00,0,1,0,"_","_","_","_"
27,27,0,3ca0a0a1,00,0,1,0,00000000,00,0,1,0,"_","_","_","_"
28,28,0,3df51172,00,1,1,0,00000000,00,0,1,0,"Active","_","Stream Beat","_"
29,29,0,3df51172,00,0,1,0,00000000,00,0,1,0,"_","_","_","_"
30,30,0,3df51172,00,0,1,0,00000000,00,0,1,0,"_","_","_","_"
31,31,0,3df51172,00,0,1,0,00000000,00,0,1,0,"_","_","_","_"
32,32,0,3df51172,00,0,1,0,00000000,00,0,1,0,"_","_","_","_"
33,33,0,3df51172,00,0,1,0,00000000,00,0,1,0,"_","_","_","_"
34,34,0,3df51172,00,0,1,0,00000000,00,0,1,0,"_","_","_","_"
35,35,0,3df51172,00,0,1,0,00000000,00,0,1,0,"_","_","_","_"
36,36,0,3df51172,00,0,1,0,00000000,00,0,1,0,"_","_","_","_"
37,37,0,3df51172,00,0,1,0,00000000,00,0,1,0,"_","_","_","_"
38,38,0,3df51172,00,0,1,0,00000000,00,0,1,0,"_","_","_","_"
39,39,0,3df51172,00,0,1,0,00000000,00,0,1,0,"_","_","_","_"
40,40,0,3df51172,00,0,1,0,00000000,00,0,1,0,"_","_","_","_"
41,41,0,3df51172,00,0,1,0,00000000,00,0,1,0,"_","_","_","_"
42,42,0,3df51172,00,0,1,0,00000000,00,0,1,0,"_","_","_","_"
43,43,0,3df51172,00,0,1,0,00000000,00,0,1,0,"_","_","_","_"
44,44,0,3df51172,00,0,1,0,00000000,00,0,1,0,"_","_","_","_"
45,45,0,3df51172,00,0,1,0,00000000,00,0,1,0,"_","_","_","_"
46,46,0,3df51172,00,0,1,0,00000000,00,0,1,0,"_","_","_","_"
47,47,0,3df51172,00,0,1,0,00000000,00,0,1,0,"_","_","_","_"
48,48,0,3df51172,00,0,1,0,00000000,00,0,1,0,"_","_","_","_"
49,49,0,3df51172,00,0,1,0,00000000,00,0,1,0,"_","_","_","_"
50,50,0,3df51172,00,0,1,0,00000000,00,0,1,0,"_","_","_","_"
51,51,0,3df51172,00,0,1,0,00000000,00,0,1,0,"_","_","_","_"
52,52,0,3df51172,00,0,1,0,00000000,00,0,1,0,"_","_","_","_"
53,53,0,3df51172,00,0,1,0,00000000,00,0,1,0,"_","_","_","_"
54,54,0,3e149495,00,1,1,0,00000000,00,0,1,0,"Active","_","Stream Beat","_"
55,55,0,3e149495,00,0,0,0,00000000,00,0,1,0,"_","_","_","_"
56,56,0,3e149495,00,0,0,0,00000000,00,0,1,0,"_","_","_","_"
57,57,0,3e149495,00,0,0,0,00000000,00,0,1,0,"_","_","_","_"
58,58,0,3e149495,00,0,0,0,00000000,00,0,1,0,"_","_","_","_"
59,59,0,3e149495,00,0,0,0,00000000,00,0,1,0,"_","_","_","_"
60,60,0,3e149495,00,0,0,0,00000000,00,0,1,0,"_","_","_","_"
61,61,0,3e149495,00,0,0,0,00000000,00,0,1,0,"_","_","_","_"
62,62,0,3e149495,00,0,0,0,00000000,00,0,1,0,"_","_","_","_"
63,63,0,3e149495,00,0,0,0,00000000,00,0,1,0,"_","_","_","_"
64,64,0,3e149495,00,0,0,0,00000000,00,0,1,0,"_","_","_","_"
65,65,0,3e149495,00,0,0,0,00000000,00,0,1,0,"_","_","_","_"
66,66,0,3e149495,00,0,0,0,00000000,00,0,1,0,"_","_","_","_"
67,67,0,3e149495,00,0,0,0,00000000,00,0,1,0,"_","_","_","_"
68,68,0,3e149495,00,0,0,0,00000000,00,0,1,0,"_","_","_","_"
69,69,0,3e149495,00,0,0,0,00000000,00,0,1,0,"_","_","_","_"
70,70,0,3e149495,00,0,0,0,00000000,00,0,1,0,"_","_","_","_"
71,71,0,3e149495,00,0,0,0,00000000,00,0,1,0,"_","_","_","_"
72,72,0,3e149495,00,0,0,0,00000000,00,0,1,0,"_","_","_","_"
73,73,0,3e149495,00,0,1,0,00000000,00,0,1,0,"_","_","_","_"
74,74,0,3d37d869,00,1,1,0,00000000,00,0,1,0,"Active","_","Stream Beat","_"
75,75,0,3d37d869,00,0,1,0,00000000,00,0,1,0,"_","_","_","_"
76,76,0,3d37d869,00,0,1,0,00000000,00,0,1,0,"_","_","_","_"
77,77,0,3d37d869,00,0,1,0,00000000,00,0,1,0,"_","_","_","_"
78,78,0,3d37d869,00,0,1,0,00000000,00,0,1,0,"_","_","_","_"
79,79,0,3d37d869,00,0,1,0,00000000,00,0,1,0,"_","_","_","_"
80,80,0,3d37d869,00,0,1,0,00000000,00,0,1,0,"_","_","_","_"
81,81,0,3d37d869,00,0,1,0,00000000,00,0,1,0,"_","_","_","_"
82,82,0,3d37d869,00,0,1,0,00000000,00,0,1,0,"_","_","_","_"
83,83,0,3d37d869,00,0,1,0,00000000,00,0,1,0,"_","_","_","_"
84,84,0,3d37d869,00,0,1,0,00000000,00,0,1,0,"_","_","_","_"
85,85,0,3d37d869,00,0,1,0,00000000,00,0,1,0,"_","_","_","_"
86,86,0,3d37d869,00,0,1,0,00000000,00,0,1,0,"_","_","_","_"
87,87,0,3d37d869,00,0,1,0,00000000,00,0,1,0,"_","_","_","_"
88,88,0,3d37d869,00,0,1,0,00000000,00,0,1,0,"_","_","_","_"
89,89,0,3d37d869,00,0,1,0,00000000,00,0,1,0,"_","_","_","_"
90,90,0,3d37d869,00,0,1,0,00000000,00,0,1,0,"_","_","_","_"
91,91,0,3d37d869,00,0,1,0,00000000,00,0,1,0,"_","_","_","_"
92,92,0,3d37d869,00,0,1,0,00000000,00,0,1,0,"_","_","_","_"
93,93,0,3d37d869,00,0,1,0,00000000,00,0,1,0,"_","_","_","_"
94,94,0,3d37d869,00,0,1,0,00000000,00,0,1,0,"_","_","_","_"
95,95,0,3d37d869,00,0,1,0,00000000,00,0,1,0,"_","_","_","_"
96,96,0,3d37d869,00,0,1,0,00000000,00,0,1,0,"_","_","_","_"
97,97,0,3d37d869,00,0,1,0,00000000,00,0,1,0,"_","_","_","_"
98,98,0,3e1c9c9d,00,1,1,0,00000000,00,0,1,0,"Active","_","Stream Beat","_"
99,99,0,3e1c9c9d,00,0,0,0,00000000,00,0,1,0,"_","_","_","_"
100,100,0,3e1c9c9d,00,0,0,0,00000000,00,0,1,0,"_","_","_","_"
101,101,0,3e1c9c9d,00,0,0,0,00000000,00,0,1,0,"_","_","_","_"
102,102,0,3e1c9c9d,00,0,0,0,00000000,00,0,1,0,"_","_","_","_"
103,103,0,3e1c9c9d,00,0,0,0,00000000,00,0,1,0,"_","_","_","_"
104,104,0,3e1c9c9d,00,0,0,0,00000000,00,0,1,0,"_","_","_","_"
105,105,0,3e1c9c9d,00,0,0,0,00000000,00,0,1,0,"_","_","_","_"
106,106,0,3e1c9c9d,00,0,0,0,00000000,00,0,1,0,"_","_","_","_"
107,107,0,3e1c9c9d,00,0,0,0,00000000,00,0,1,0,"_","_","_","_"
108,108,0,3e1c9c9d,00,0,0,0,00000000,00,0,1,0,"_","_","_","_"
109,109,0,3e1c9c9d,00,0,0,0,00000000,00,0,1,0,"_","_","_","_"
110,110,0,3e1c9c9d,00,0,0,0,00000000,00,0,1,0,"_","_","_","_"
111,111,0,3e1c9c9d,00,0,0,0,00000000,00,0,1,0,"_","_","_","_"
112,112,0,3e1c9c9d,00,0,0,0,00000000,00,0,1,0,"_","_","_","_"
113,113,0,3e1c9c9d,00,0,0,0,00000000,00,0,1,0,"_","_","_","_"
114,114,0,3e1c9c9d,00,0,0,0,00000000,00,0,1,0,"_","_","_","_"
115,115,0,3e1c9c9d,00,0,0,0,00000000,00,0,1,0,"_","_","_","_"
116,116,0,3e1c9c9d,00,0,0,0,00000000,00,0,1,0,"_","_","_","_"
117,117,0,3e1c9c9d,00,0,1,0,00000000,00,0,1,0,"_","_","_","_"
118,118,0,bdbc6cdb,00,1,1,0,00000000,00,0,1,0,"Active","_","Stream Beat","_"
119,119,0,bdbc6cdb,00,0,1,0,00000000,00,0,1,0,"_","_","_","_"
120,120,0,bdbc6cdb,00,0,1,0,00000000,00,0,1,0,"_","_","_","_"
121,121,0,bdbc6cdb,00,0,1,0,00000000,00,0,1,0,"_","_","_","_"
122,122,0,bdbc6cdb,00,0,1,0,00000000,00,0,1,0,"_","_","_","_"
123,123,0,bdbc6cdb,00,0,1,0,00000000,00,0,1,0,"_","_","_","_"
124,124,0,bdbc6cdb,00,0,1,0,00000000,00,0,1,0,"_","_","_","_"
125,125,0,bdbc6cdb,00,0,1,0,00000000,00,0,1,0,"_","_","_","_"
126,126,0,bdbc6cdb,00,0,1,0,00000000,00,0,1,0,"_","_","_","_"
127,127,0,bdbc6cdb,00,0,1,0,00000000,00,0,1,0,"_","_","_","_"
128,128,0,bdbc6cdb,00,0,1,0,00000000,00,0,1,0,"_","_","_","_"
129,129,0,bdbc6cdb,00,0,1,0,00000000,00,0,1,0,"_","_","_","_"
130,130,0,bdbc6cdb,00,0,1,0,00000000,00,0,1,0,"_","_","_","_"
131,131,0,bdbc6cdb,00,0,1,0,00000000,00,0,1,0,"_","_","_","_"
132,132,0,bdbc6cdb,00,0,1,0,00000000,00,0,1,0,"_","_","_","_"
133,133,0,bdbc6cdb,00,0,1,0,00000000,00,0,1,0,"_","_","_","_"
134,134,0,bdbc6cdb,00,0,1,0,00000000,00,0,1,0,"_","_","_","_"
135,135,0,bdbc6cdb,00,0,1,0,00000000,00,0,1,0,"_","_","_","_"
136,136,0,bdbc6cdb,00,0,1,0,00000000,00,0,1,0,"_","_","_","_"
137,137,0,bdbc6cdb,00,0,1,0,00000000,00,0,1,0,"_","_","_","_"
138,138,0,bdbc6cdb,00,0,1,0,00000000,00,0,1,0,"_","_","_","_"
139,139,0,bdbc6cdb,00,0,1,0,00000000,00,0,1,0,"_","_","_","_"
140,140,0,bdbc6cdb,00,0,1,0,00000000,00,0,1,0,"_","_","_","_"
141,141,0,bdbc6cdb,00,0,1,0,00000000,00,0,1,0,"_","_","_","_"
142,142,0,bdbc6cdb,00,0,1,0,00000000,00,0,1,0,"_","_","_","_"
143,143,0,3d989899,00,1,1,0,00000000,00,0,1,0,"Active","_","Stream Beat","_"
144,144,0,3d989899,00,0,0,0,00000000,00,0,1,0,"_","_","_","_"
145,145,0,3d989899,00,0,0,0,00000000,00,0,1,0,"_","_","_","_"
146,146,0,3d989899,00,0,0,0,00000000,00,0,1,0,"_","_","_","_"
147,147,0,3d989899,00,0,0,0,00000000,00,0,1,0,"_","_","_","_"
148,148,0,3d989899,00,0,0,0,00000000,00,0,1,0,"_","_","_","_"
149,149,0,3d989899,00,0,0,0,00000000,00,0,1,0,"_","_","_","_"
150,150,0,3d989899,00,0,0,0,00000000,00,0,1,0,"_","_","_","_"
151,151,0,3d989899,00,0,0,0,00000000,00,0,1,0,"_","_","_","_"
152,152,0,3d989899,00,0,0,0,00000000,00,0,1,0,"_","_","_","_"
153,153,0,3d989899,00,0,0,0,00000000,00,0,1,0,"_","_","_","_"
154,154,0,3d989899,00,0,0,0,00000000,00,0,1,0,"_","_","_","_"
155,155,0,3d989899,00,0,0,0,00000000,00,0,1,0,"_","_","_","_"
156,156,0,3d989899,00,0,0,0,00000000,00,0,1,0,"_","_","_","_"
157,157,0,3d989899,00,0,0,0,00000000,00,0,1,0,"_","_","_","_"
158,158,0,3d989899,00,0,0,0,00000000,00,0,1,0,"_","_","_","_"
159,159,0,3d989899,00,0,0,0,00000000,00,0,1,0,"_","_","_","_"
160,160,0,3d989899,00,0,0,0,00000000,00,0,1,0,"_","_","_","_"
161,161,0,3d989899,00,0,0,0,00000000,00,0,1,0,"_","_","_","_"
162,162,0,3d989899,00,0,1,0,00000000,00,0,1,0,"_","_","_","_"
163,163,0,3d811564,00,1,1,0,00000000,00,0,1,0,"Active","_","Stream Beat","_"
164,164,0,3d811564,00,0,1,0,00000000,00,0,1,0,"_","_","_","_"
165,165,0,3d811564,00,0,1,0,00000000,00,0,1,0,"_","_","_","_"
166,166,0,3d811564,00,0,1,0,00000000,00,0,1,0,"_","_","_","_"
167,167,0,3d811564,00,0,1,0,00000000,00,0,1,0,"_","_","_","_"
168,168,0,3d811564,00,0,1,0,00000000,00,0,1,0,"_","_","_","_"
169,169,0,3d811564,00,0,1,0,00000000,00,0,1,0,"_","_","_","_"
170,170,0,3d811564,00,0,1,0,00000000,00,0,1,0,"_","_","_","_"
171,171,0,3d811564,00,0,1,0,00000000,00,0,1,0,"_","_","_","_"
172,172,0,3d811564,00,0,1,0,00000000,00,0,1,0,"_","_","_","_"
173,173,0,3d811564,00,0,1,0,00000000,00,0,1,0,"_","_","_","_"
174,174,0,3d811564,00,0,1,0,00000000,00,0,1,0,"_","_","_","_"
175,175,0,3d811564,00,0,1,0,00000000,00,0,1,0,"_","_","_","_"
176,176,0,3d811564,00,0,1,0,00000000,00,0,1,0,"_","_","_","_"
177,177,0,3d811564,00,0,1,0,00000000,00,0,1,0,"_","_","_","_"
178,178,0,3d811564,00,0,1,0,00000000,00,0,1,0,"_","_","_","_"
179,179,0,3d811564,00,0,1,0,00000000,00,0,1,0,"_","_","_","_"
180,180,0,3d811564,00,0,1,0,00000000,00,0,1,0,"_","_","_","_"
181,181,0,3d811564,00,0,1,0,00000000,00,0,1,0,"_","_","_","_"
182,182,0,3d811564,00,0,1,0,00000000,00,0,1,0,"_","_","_","_"
183,183,0,3d811564,00,0,1,0,00000000,00,0,1,0,"_","_","_","_"
184,184,0,3d811564,00,0,1,0,00000000,00,0,1,0,"_","_","_","_"
185,185,0,3d811564,00,0,1,0,00000000,00,0,1,0,"_","_","_","_"
186,186,0,3d811564,00,0,1,0,00000000,00,0,1,0,"_","_","_","_"
187,187,0,3d811564,00,0,1,0,00000000,00,0,1,0,"_","_","_","_"
188,188,0,3ca0a0a1,00,1,1,0,00000000,00,0,1,0,"Active","_","Stream Beat","_"
189,189,0,3ca0a0a1,00,0,0,0,00000000,00,0,1,0,"_","_","_","_"
190,190,0,3ca0a0a1,00,0,0,0,00000000,00,0,1,0,"_","_","_","_"
191,191,0,3ca0a0a1,00,0,0,0,00000000,00,0,1,0,"_","_","_","_"
192,192,0,3ca0a0a1,00,0,0,0,00000000,00,0,1,0,"_","_","_","_"
193,193,0,3ca0a0a1,00,0,0,0,00000000,00,0,1,0,"_","_","_","_"
194,194,0,3ca0a0a1,00,0,0,0,00000000,00,0,1,0,"_","_","_","_"
195,195,0,3ca0a0a1,00,0,0,0,00000000,00,0,1,0,"_","_","_","_"
196,196,0,3ca0a0a1,00,0,0,0,00000000,00,0,1,0,"_","_","_","_"
197,197,0,3ca0a0a1,00,0,0,0,00000000,00,0,1,0,"_","_","_","_"
198,198,0,3ca0a0a1,00,0,0,0,00000000,00,0,1,0,"_","_","_","_"
199,199,0,3ca0a0a1,00,0,0,0,00000000,00,0,1,0,"_","_","_","_"
200,200,0,3ca0a0a1,00,0,0,0,00000000,00,0,1,0,"_","_","_","_"
201,201,0,3ca0a0a1,00,0,0,0,00000000,00,0,1,0,"_","_","_","_"
202,202,0,3ca0a0a1,00,0,0,0,00000000,00,0,1,0,"_","_","_","_"
203,203,0,3ca0a0a1,00,0,0,0,00000000,00,0,1,0,"_","_","_","_"
204,204,0,3ca0a0a1,00,0,0,0,00000000,00,0,1,0,"_","_","_","_"
205,205,0,3ca0a0a1,00,0,0,0,00000000,00,0,1,0,"_","_","_","_"
206,206,0,3ca0a0a1,00,0,0,0,00000000,00,0,1,0,"_","_","_","_"
207,207,0,3ca0a0a1,00,0,1,0,00000000,00,0,1,0,"_","_","_","_"
208,208,0,3d543698,00,1,1,0,00000000,00,0,1,0,"Active","_","Stream Beat","_"
209,209,0,3d543698,00,0,1,0,00000000,00,0,1,0,"_","_","_","_"
210,210,0,3d543698,00,0,1,0,00000000,00,0,1,0,"_","_","_","_"
211,211,0,3d543698,00,0,1,0,00000000,00,0,1,0,"_","_","_","_"
212,212,0,3d543698,00,0,1,0,00000000,00,0,1,0,"_","_","_","_"
213,213,0,3d543698,00,0,1,0,00000000,00,0,1,0,"_","_","_","_"
214,214,0,3d543698,00,0,1,0,00000000,00,0,1,0,"_","_","_","_"
215,215,0,3d543698,00,0,1,0,00000000,00,0,1,0,"_","_","_","_"
216,216,0,3d543698,00,0,1,0,00000000,00,0,1,0,"_","_","_","_"
217,217,0,3d543698,00,0,1,0,00000000,00,0,1,0,"_","_","_","_"
218,218,0,3d543698,00,0,1,0,00000000,00,0,1,0,"_","_","_","_"
219,219,0,3d543698,00,0,1,0,00000000,00,0,1,0,"_","_","_","_"
220,220,0,3d543698,00,0,1,0,00000000,00,0,1,0,"_","_","_","_"
221,221,0,3d543698,00,0,1,0,00000000,00,0,1,0,"_","_","_","_"
222,222,0,3d543698,00,0,1,0,00000000,00,0,1,0,"_","_","_","_"
223,223,0,3d543698,00,0,1,0,00000000,00,0,1,0,"_","_","_","_"
224,224,0,3d543698,00,0,1,0,00000000,00,0,1,0,"_","_","_","_"
225,225,0,3d543698,00,0,1,0,00000000,00,0,1,0,"_","_","_","_"
226,226,0,3d543698,00,0,1,0,00000000,00,0,1,0,"_","_","_","_"
227,227,0,3d543698,00,0,1,0,00000000,00,0,1,0,"_","_","_","_"
228,228,0,3d543698,00,0,1,0,00000000,00,0,1,0,"_","_","_","_"
229,229,0,3d543698,00,0,1,0,00000000,00,0,1,0,"_","_","_","_"
230,230,0,3d543698,00,0,1,0,00000000,00,0,1,0,"_","_","_","_"
231,231,0,3d543698,00,0,1,0,00000000,00,0,1,0,"_","_","_","_"
232,232,0,3d543698,00,0,1,0,00000000,00,0,1,0,"_","_","_","_"
233,233,0,3f0a8a8b,00,1,1,0,00000000,00,0,1,0,"Active","_","Stream Beat","_"
234,234,0,3f0a8a8b,00,0,0,0,00000000,00,0,1,0,"_","_","_","_"
235,235,0,3f0a8a8b,00,0,0,0,00000000,00,0,1,0,"_","_","_","_"
236,236,0,3f0a8a8b,00,0,0,0,00000000,00,0,1,0,"_","_","_","_"
237,237,0,3f0a8a8b,00,0,0,0,00000000,00,0,1,0,"_","_","_","_"
238,238,0,3f0a8a8b,00,0,0,0,00000000,00,0,1,0,"_","_","_","_"
239,239,0,3f0a8a8b,00,0,0,0,00000000,00,0,1,0,"_","_","_","_"
240,240,0,3f0a8a8b,00,0,0,0,00000000,00,0,1,0,"_","_","_","_"
241,241,0,3f0a8a8b,00,0,0,0,00000000,00,0,1,0,"_","_","_","_"
242,242,0,3f0a8a8b,00,0,0,0,00000000,00,0,1,0,"_","_","_","_"
243,243,0,3f0a8a8b,00,0,0,0,00000000,00,0,1,0,"_","_","_","_"
244,244,0,3f0a8a8b,00,0,0,0,00000000,00,0,1,0,"_","_","_","_"
245,245,0,3f0a8a8b,00,0,0,0,00000000,00,0,1,0,"_","_","_","_"
246,246,0,3f0a8a8b,00,0,0,0,00000000,00,0,1,0,"_","_","_","_"
247,247,0,3f0a8a8b,00,0,0,0,00000000,00,0,1,0,"_","_","_","_"
248,248,0,3f0a8a8b,00,0,0,0,00000000,00,0,1,0,"_","_","_","_"
249,249,0,3f0a8a8b,00,0,0,0,00000000,00,0,1,0,"_","_","_","_"
250,250,0,3f0a8a8b,00,0,0,0,00000000,00,0,1,0,"_","_","_","_"
251,251,0,3f0a8a8b,00,0,0,0,00000000,00,0,1,0,"_","_","_","_"
252,252,0,3f0a8a8b,00,0,1,0,00000000,00,0,1,0,"_","_","_","_"
253,253,0,bd593fa2,00,1,1,0,00000000,00,0,1,0,"Active","_","Stream Beat","_"
254,254,0,bd593fa2,00,0,1,0,00000000,00,0,1,0,"_","_","_","_"
255,255,0,bd593fa2,00,0,1,0,00000000,00,0,1,0,"_","_","_","_"
256,256,0,bd593fa2,00,0,1,0,00000000,00,0,1,0,"_","_","_","_"
257,257,0,bd593fa2,00,0,1,0,00000000,00,0,1,0,"_","_","_","_"
258,258,0,bd593fa2,00,0,1,0,00000000,00,0,1,0,"_","_","_","_"
259,259,0,bd593fa2,00,0,1,0,00000000,00,0,1,0,"_","_","_","_"
260,260,0,bd593fa2,00,0,1,0,00000000,00,0,1,0,"_","_","_","_"
261,261,0,bd593fa2,00,0,1,0,00000000,00,0,1,0,"_","_","_","_"
262,262,0,bd593fa2,00,0,1,0,00000000,00,0,1,0,"_","_","_","_"
263,263,0,bd593fa2,00,0,1,0,00000000,00,0,1,0,"_","_","_","_"
264,264,0,bd593fa2,00,0,1,0,00000000,00,0,1,0,"_","_","_","_"
265,265,0,bd593fa2,00,0,1,0,00000000,00,0,1,0,"_","_","_","_"
266,266,0,bd593fa2,00,0,1,0,00000000,00,0,1,0,"_","_","_","_"
267,267,0,bd593fa2,00,0,1,0,00000000,00,0,1,0,"_","_","_","_"
268,268,0,bd593fa2,00,0,1,0,00000000,00,0,1,0,"_","_","_","_"
269,269,0,bd593fa2,00,0,1,0,00000000,00,0,1,0,"_","_","_","_"
270,270,0,bd593fa2,00,0,1,0,00000000,00,0,1,0,"_","_","_","_"
271,271,0,bd593fa2,00,0,1,0,00000000,00,0,1,0,"_","_","_","_"
272,272,0,bd593fa2,00,0,1,0,00000000,00,0,1,0,"_","_","_","_"
273,273,0,bd593fa2,00,0,1,0,00000000,00,0,1,0,"_","_","_","_"
274,274,0,bd593fa2,00,0,1,0,00000000,00,0,1,0,"_","_","_","_"
275,275,0,bd593fa2,00,0,1,0,00000000,00,0,1,0,"_","_","_","_"
276,276,0,bd593fa2,00,0,1,0,00000000,00,0,1,0,"_","_","_","_"
277,277,0,bd593fa2,00,0,1,0,00000000,00,0,1,0,"_","_","_","_"
278,278,0,bd593fa2,00,0,1,0,00000000,00,0,1,0,"_","_","_","_"
279,279,0,bd593fa2,00,0,1,0,00000000,00,0,1,0,"_","_","_","_"
280,280,0,3e8c8c8d,00,1,1,0,00000000,00,0,1,0,"Active","_","Stream Beat","_"
281,281,0,3e8c8c8d,00,0,0,0,00000000,00,0,1,0,"_","_","_","_"
282,282,0,3e8c8c8d,00,0,0,0,00000000,00,0,1,0,"_","_","_","_"
283,283,0,3e8c8c8d,00,0,0,0,00000000,00,0,1,0,"_","_","_","_"
284,284,0,3e8c8c8d,00,0,0,0,00000000,00,0,1,0,"_","_","_","_"
285,285,0,3e8c8c8d,00,0,0,0,00000000,00,0,1,0,"_","_","_","_"
286,286,0,3e8c8c8d,00,0,0,0,00000000,00,0,1,0,"_","_","_","_"
287,287,0,3e8c8c8d,00,0,0,0,00000000,00,0,1,0,"_","_","_","_"
288,288,0,3e8c8c8d,00,0,0,0,00000000,00,0,1,0,"_","_","_","_"
289,289,0,3e8c8c8d,00,0,0,0,00000000,00,0,1,0,"_","_","_","_"
290,290,0,3e8c8c8d,00,0,0,0,00000000,00,0,1,0,"_","_","_","_"
291,291,0,3e8c8c8d,00,0,0,0,00000000,00,0,1,0,"_","_","_","_"
292,292,0,3e8c8c8d,00,0,0,0,00000000,00,0,1,0,"_","_","_","_"
293,293,0,3e8c8c8d,00,0,0,0,00000000,00,0,1,0,"_","_","_","_"
294,294,0,3e8c8c8d,00,0,0,0,00000000,00,0,1,0,"_","_","_","_"
295,295,0,3e8c8c8d,00,0,0,0,00000000,00,0,1,0,"_","_","_","_"
296,296,0,3e8c8c8d,00,0,0,0,00000000,00,0,1,0,"_","_","_","_"
297,297,0,3e8c8c8d,00,0,0,0,00000000,00,0,1,0,"_","_","_","_"
298,298,0,3e8c8c8d,00,0,0,0,00000000,00,0,1,0,"_","_","_","_"
299,299,0,3e8c8c8d,00,0,1,0,00000000,00,0,1,0,"_","_","_","_"
300,300,0,bde162a7,00,1,1,0,00000000,00,0,1,0,"Active","_","Stream Beat","_"
301,301,0,bde162a7,00,0,1,0,00000000,00,0,1,0,"_","_","_","_"
302,302,0,bde162a7,00,0,1,0,00000000,00,0,1,0,"_","_","_","_"
303,303,0,bde162a7,00,0,1,0,00000000,00,0,1,0,"_","_","_","_"
304,304,0,bde162a7,00,0,1,0,00000000,00,0,1,0,"_","_","_","_"
305,305,0,bde162a7,00,0,1,0,00000000,00,0,1,0,"_","_","_","_"
306,306,0,bde162a7,00,0,1,0,00000000,00,0,1,0,"_","_","_","_"
307,307,0,bde162a7,00,0,1,0,00000000,00,0,1,0,"_","_","_","_"
308,308,0,bde162a7,00,0,1,0,00000000,00,0,1,0,"_","_","_","_"
309,309,0,bde162a7,00,0,1,0,00000000,00,0,1,0,"_","_","_","_"
310,310,0,bde162a7,00,0,1,0,00000000,00,0,1,0,"_","_","_","_"
311,311,0,bde162a7,00,0,1,0,00000000,00,0,1,0,"_","_","_","_"
312,312,0,bde162a7,00,0,1,0,00000000,00,0,1,0,"_","_","_","_"
313,313,0,bde162a7,00,0,1,0,00000000,00,0,1,0,"_","_","_","_"
314,314,0,bde162a7,00,0,1,0,00000000,00,0,1,0,"_","_","_","_"
315,315,0,bde162a7,00,0,1,0,00000000,00,0,1,0,"_","_","_","_"
316,316,0,bde162a7,00,0,1,0,00000000,00,0,1,0,"_","_","_","_"
317,317,0,bde162a7,00,0,1,0,00000000,00,0,1,0,"_","_","_","_"
318,318,0,bde162a7,00,0,1,0,00000000,00,0,1,0,"_","_","_","_"
319,319,0,bde162a7,00,0,1,0,00000000,00,0,1,0,"_","_","_","_"
320,320,0,bde162a7,00,0,1,0,00000000,00,0,1,0,"_","_","_","_"
321,321,0,bde162a7,00,0,1,0,00000000,00,0,1,0,"_","_","_","_"
322,322,0,bde162a7,00,0,1,0,00000000,00,0,1,0,"_","_","_","_"
323,323,0,bde162a7,00,0,1,0,00000000,00,0,1,0,"_","_","_","_"
324,324,0,bde162a7,00,0,1,0,00000000,00,0,1,0,"_","_","_","_"
325,325,0,3f3cbcbd,00,1,1,0,00000000,00,0,1,0,"Active","_","Stream Beat","_"
326,326,0,3f3cbcbd,00,0,0,0,00000000,00,0,1,0,"_","_","_","_"
327,327,0,3f3cbcbd,00,0,0,0,00000000,00,0,1,0,"_","_","_","_"
328,328,0,3f3cbcbd,00,0,0,0,00000000,00,0,1,0,"_","_","_","_"
329,329,0,3f3cbcbd,00,0,0,0,00000000,00,0,1,0,"_","_","_","_"
330,330,0,3f3cbcbd,00,0,0,0,00000000,00,0,1,0,"_","_","_","_"
331,331,0,3f3cbcbd,00,0,0,0,00000000,00,0,1,0,"_","_","_","_"
332,332,0,3f3cbcbd,00,0,0,0,00000000,00,0,1,0,"_","_","_","_"
333,333,0,3f3cbcbd,00,0,0,0,00000000,00,0,1,0,"_","_","_","_"
334,334,0,3f3cbcbd,00,0,0,0,00000000,00,0,1,0,"_","_","_","_"
335,335,0,3f3cbcbd,00,0,0,0,00000000,00,0,1,0,"_","_","_","_"
336,336,0,3f3cbcbd,00,0,0,0,00000000,00,0,1,0,"_","_","_","_"
337,337,0,3f3cbcbd,00,0,0,0,00000000,00,0,1,0,"_","_","_","_"
338,338,0,3f3cbcbd,00,0,0,0,00000000,00,0,1,0,"_","_","_","_"
339,339,0,3f3cbcbd,00,0,0,0,00000000,00,0,1,0,"_","_","_","_"
340,340,0,3f3cbcbd,00,0,0,0,00000000,00,0,1,0,"_","_","_","_"
341,341,0,3f3cbcbd,00,0,0,0,00000000,00,0,1,0,"_","_","_","_"
342,342,0,3f3cbcbd,00,0,0,0,00000000,00,0,1,0,"_","_","_","_"
343,343,0,3f3cbcbd,00,0,0,0,00000000,00,0,1,0,"_","_","_","_"
344,344,0,3f3cbcbd,00,0,1,0,00000000,00,0,1,0,"_","_","_","_"
345,345,0,bb52a811,00,1,1,0,00000000,00,0,1,0,"Active","_","Stream Beat","_"
346,346,0,bb52a811,00,0,1,0,00000000,00,0,1,0,"_","_","_","_"
347,347,0,bb52a811,00,0,1,0,00000000,00,0,1,0,"_","_","_","_"
348,348,0,bb52a811,00,0,1,0,00000000,00,0,1,0,"_","_","_","_"
349,349,0,bb52a811,00,0,1,0,00000000,00,0,1,0,"_","_","_","_"
350,350,0,bb52a811,00,0,1,0,00000000,00,0,1,0,"_","_","_","_"
351,351,0,bb52a811,00,0,1,0,00000000,00,0,1,0,"_","_","_","_"
352,352,0,bb52a811,00,0,1,0,00000000,00,0,1,0,"_","_","_","_"
353,353,0,bb52a811,00,0,1,0,00000000,00,0,1,0,"_","_","_","_"
354,354,0,bb52a811,00,0,1,0,00000000,00,0,1,0,"_","_","_","_"
355,355,0,bb52a811,00,0,1,0,00000000,00,0,1,0,"_","_","_","_"
356,356,0,bb52a811,00,0,1,0,00000000,00,0,1,0,"_","_","_","_"
357,357,0,bb52a811,00,0,1,0,00000000,00,0,1,0,"_","_","_","_"
358,358,0,bb52a811,00,0,1,0,00000000,00,0,1,0,"_","_","_","_"
359,359,0,bb52a811,00,0,1,0,00000000,00,0,1,0,"_","_","_","_"
360,360,0,bb52a811,00,0,1,0,00000000,00,0,1,0,"_","_","_","_"
361,361,0,bb52a811,00,0,1,0,00000000,00,0,1,0,"_","_","_","_"
362,362,0,bb52a811,00,0,1,0,00000000,00,0,1,0,"_","_","_","_"
363,363,0,bb52a811,00,0,1,0,00000000,00,0,1,0,"_","_","_","_"
364,364,0,bb52a811,00,0,1,0,00000000,00,0,1,0,"_","_","_","_"
365,365,0,bb52a811,00,0,1,0,00000000,00,0,1,0,"_","_","_","_"
366,366,0,bb52a811,00,0,1,0,00000000,00,0,1,0,"_","_","_","_"
367,367,0,bb52a811,00,0,1,0,00000000,00,0,1,0,"_","_","_","_"
368,368,0,bb52a811,00,0,1,0,00000000,00,0,1,0,"_","_","_","_"
369,369,0,3f5ededf,00,1,1,0,00000000,00,0,1,0,"Active","_","Stream Beat","_"
370,370,0,3f5ededf,00,0,0,0,00000000,00,0,1,0,"_","_","_","_"
371,371,0,3f5ededf,00,0,0,0,00000000,00,0,1,0,"_","_","_","_"
372,372,0,3f5ededf,00,0,0,0,00000000,00,0,1,0,"_","_","_","_"
373,373,0,3f5ededf,00,0,0,0,00000000,00,0,1,0,"_","_","_","_"
374,374,0,3f5ededf,00,0,0,0,00000000,00,0,1,0,"_","_","_","_"
375,375,0,3f5ededf,00,0,0,0,00000000,00,0,1,0,"_","_","_","_"
376,376,0,3f5ededf,00,0,0,0,00000000,00,0,1,0,"_","_","_","_"
377,377,0,3f5ededf,00,0,0,0,00000000,00,0,1,0,"_","_","_","_"
378,378,0,3f5ededf,00,0,0,0,00000000,00,0,1,0,"_","_","_","_"
379,379,0,3f5ededf,00,0,0,0,00000000,00,0,1,0,"_","_","_","_"
380,380,0,3f5ededf,00,0,0,0,00000000,00,0,1,0,"_","_","_","_"
381,381,0,3f5ededf,00,0,0,0,00000000,00,0,1,0,"_","_","_","_"
382,382,0,3f5ededf,00,0,0,0,00000000,00,0,1,0,"_","_","_","_"
383,383,0,3f5ededf,00,0,0,0,00000000,00,0,1,0,"_","_","_","_"
384,384,0,3f5ededf,00,0,0,0,00000000,00,0,1,0,"_","_","_","_"
385,385,0,3f5ededf,00,0,0,0,00000000,00,0,1,0,"_","_","_","_"
386,386,0,3f5ededf,00,0,0,0,00000000,00,0,1,0,"_","_","_","_"
387,387,0,3f5ededf,00,0,0,0,00000000,00,0,1,0,"_","_","_","_"
388,388,0,3f5ededf,00,0,1,0,00000000,00,0,1,0,"_","_","_","_"
389,389,0,bcdcbbe5,00,1,1,0,00000000,00,0,1,0,"Active","_","Stream Beat","_"
390,390,0,bcdcbbe5,00,0,1,0,00000000,00,0,1,0,"_","_","_","_"
391,391,0,bcdcbbe5,00,0,1,0,00000000,00,0,1,0,"_","_","_","_"
392,392,0,bcdcbbe5,00,0,1,0,00000000,00,0,1,0,"_","_","_","_"
393,393,0,bcdcbbe5,00,0,1,0,00000000,00,0,1,0,"_","_","_","_"
394,394,0,bcdcbbe5,00,0,1,0,00000000,00,0,1,0,"_","_","_","_"
395,395,0,bcdcbbe5,00,0,1,0,00000000,00,0,1,0,"_","_","_","_"
396,396,0,bcdcbbe5,00,0,1,0,00000000,00,0,1,0,"_","_","_","_"
397,397,0,bcdcbbe5,00,0,1,0,00000000,00,0,1,0,"_","_","_","_"
398,398,0,bcdcbbe5,00,0,1,0,00000000,00,0,1,0,"_","_","_","_"
399,399,0,bcdcbbe5,00,0,1,0,00000000,00,0,1,0,"_","_","_","_"
400,400,0,bcdcbbe5,00,0,1,0,00000000,00,0,1,0,"_","_","_","_"
401,401,0,bcdcbbe5,00,0,1,0,00000000,00,0,1,0,"_","_","_","_"
402,402,0,bcdcbbe5,00,0,1,0,00000000,00,0,1,0,"_","_","_","_"
403,403,0,bcdcbbe5,00,0,1,0,00000000,00,0,1,0,"_","_","_","_"
404,404,0,bcdcbbe5,00,0,1,0,00000000,00,0,1,0,"_","_","_","_"
405,405,0,bcdcbbe5,00,0,1,0,00000000,00,0,1,0,"_","_","_","_"
406,406,0,bcdcbbe5,00,0,1,0,00000000,00,0,1,0,"_","_","_","_"
407,407,0,bcdcbbe5,00,0,1,0,00000000,00,0,1,0,"_","_","_","_"
408,408,0,bcdcbbe5,00,0,1,0,00000000,00,0,1,0,"_","_","_","_"
409,409,0,bcdcbbe5,00,0,1,0,00000000,00,0,1,0,"_","_","_","_"
410,410,0,bcdcbbe5,00,0,1,0,00000000,00,0,1,0,"_","_","_","_"
411,411,0,bcdcbbe5,00,0,1,0,00000000,00,0,1,0,"_","_","_","_"
412,412,0,bcdcbbe5,00,0,1,0,00000000,00,0,1,0,"_","_","_","_"
413,413,0,bcdcbbe5,00,0,1,0,00000000,00,0,1,0,"_","_","_","_"
414,414,0,bcdcbbe5,00,0,1,0,00000000,00,0,1,0,"_","_","_","_"
415,415,0,bcdcbbe5,00,0,1,0,00000000,00,0,1,0,"_","_","_","_"
416,416,0,bcdcbbe5,00,0,1,0,00000000,00,0,1,0,"_","_","_","_"
417,417,0,bcdcbbe5,00,0,1,0,00000000,00,0,1,0,"_","_","_","_"
418,418,0,bcdcbbe5,00,0,1,0,00000000,00,0,1,0,"_","_","_","_"
419,419,0,bcdcbbe5,00,0,1,0,00000000,00,0,1,0,"_","_","_","_"
420,420,0,bcdcbbe5,00,0,1,0,00000000,00,0,1,0,"_","_","_","_"
421,421,0,bcdcbbe5,00,0,1,0,00000000,00,0,1,0,"_","_","_","_"
422,422,0,3f2babac,00,1,1,0,00000000,00,0,1,0,"Active","_","Stream Beat","_"
423,423,0,3f2babac,00,0,0,0,00000000,00,0,1,0,"_","_","_","_"
424,424,0,3f2babac,00,0,0,0,00000000,00,0,1,0,"_","_","_","_"
425,425,0,3f2babac,00,0,0,0,00000000,00,0,1,0,"_","_","_","_"
426,426,0,3f2babac,00,0,0,0,00000000,00,0,1,0,"_","_","_","_"
427,427,0,3f2babac,00,0,0,0,00000000,00,0,1,0,"_","_","_","_"
428,428,0,3f2babac,00,0,0,0,00000000,00,0,1,0,"_","_","_","_"
429,429,0,3f2babac,00,0,0,0,00000000,00,0,1,0,"_","_","_","_"
430,430,0,3f2babac,00,0,0,0,00000000,00,0,1,0,"_","_","_","_"
431,431,0,3f2babac,00,0,0,0,00000000,00,0,1,0,"_","_","_","_"
432,432,0,3f2babac,00,0,0,0,00000000,00,0,1,0,"_","_","_","_"
433,433,0,3f2babac,00,0,0,0,00000000,00,0,1,0,"_","_","_","_"
434,434,0,3f2babac,00,0,0,0,00000000,00,0,1,0,"_","_","_","_"
435,435,0,3f2babac,00,0,0,0,00000000,00,0,1,0,"_","_","_","_"
436,436,0,3f2babac,00,0,0,0,00000000,00,0,1,0,"_","_","_","_"
437,437,0,3f2babac,00,0,0,0,00000000,00,0,1,0,"_","_","_","_"
438,438,0,3f2babac,00,0,0,0,00000000,00,0,1,0,"_","_","_","_"
439,439,0,3f2babac,00,0,0,0,00000000,00,0,1,0,"_","_","_","_"
440,440,0,3f2babac,00,0,0,0,00000000,00,0,1,0,"_","_","_","_"
441,441,0,3f2babac,00,0,1,0,00000000,00,0,1,0,"_","_","_","_"
442,442,0,3db98fc4,00,1,1,0,00000000,00,0,1,0,"Active","_","Stream Beat","_"
443,443,0,3db98fc4,00,0,1,0,00000000,00,0,1,0,"_","_","_","_"
444,444,0,3db98fc4,00,0,1,0,00000000,00,0,1,0,"_","_","_","_"
445,445,0,3db98fc4,00,0,1,0,00000000,00,0,1,0,"_","_","_","_"
446,446,0,3db98fc4,00,0,1,0,00000000,00,0,1,0,"_","_","_","_"
447,447,0,3db98fc4,00,0,1,0,00000000,00,0,1,0,"_","_","_","_"
448,448,0,3db98fc4,00,0,1,0,00000000,00,0,1,0,"_","_","_","_"
449,449,0,3db98fc4,00,0,1,0,00000000,00,0,1,0,"_","_","_","_"
450,450,0,3db98fc4,00,0,1,0,00000000,00,0,1,0,"_","_","_","_"
451,451,0,3db98fc4,00,0,1,0,00000000,00,0,1,0,"_","_","_","_"
452,452,0,3db98fc4,00,0,1,0,00000000,00,0,1,0,"_","_","_","_"
453,453,0,3db98fc4,00,0,1,0,00000000,00,0,1,0,"_","_","_","_"
454,454,0,3db98fc4,00,0,1,0,00000000,00,0,1,0,"_","_","_","_"
455,455,0,3db98fc4,00,0,1,0,00000000,00,0,1,0,"_","_","_","_"
456,456,0,3db98fc4,00,0,1,0,00000000,00,0,1,0,"_","_","_","_"
457,457,0,3db98fc4,00,0,1,0,00000000,00,0,1,0,"_","_","_","_"
458,458,0,3db98fc4,00,0,1,0,00000000,00,0,1,0,"_","_","_","_"
459,459,0,3db98fc4,00,0,1,0,00000000,00,0,1,0,"_","_","_","_"
460,460,0,3db98fc4,00,0,1,0,00000000,00,0,1,0,"_","_","_","_"
461,461,0,3db98fc4,00,0,1,0,00000000,00,0,1,0,"_","_","_","_"
462,462,0,3db98fc4,00,0,1,0,00000000,00,0,1,0,"_","_","_","_"
463,463,0,3db98fc4,00,0,1,0,00000000,00,0,1,0,"_","_","_","_"
464,464,0,3db98fc4,00,0,1,0,00000000,00,0,1,0,"_","_","_","_"
465,465,0,3db98fc4,00,0,1,0,00000000,00,0,1,0,"_","_","_","_"
466,466,0,3db98fc4,00,0,1,0,00000000,00,0,1,0,"_","_","_","_"
467,467,0,3e50d0d1,00,1,1,0,00000000,00,0,1,0,"Active","_","Stream Beat","_"
468,468,0,3e50d0d1,00,0,0,0,00000000,00,0,1,0,"_","_","_","_"
469,469,0,3e50d0d1,00,0,0,0,00000000,00,0,1,0,"_","_","_","_"
470,470,0,3e50d0d1,00,0,0,0,00000000,00,0,1,0,"_","_","_","_"
471,471,0,3e50d0d1,00,0,0,0,00000000,00,0,1,0,"_","_","_","_"
472,472,0,3e50d0d1,00,0,0,0,00000000,00,0,1,0,"_","_","_","_"
473,473,0,3e50d0d1,00,0,0,0,00000000,00,0,1,0,"_","_","_","_"
474,474,0,3e50d0d1,00,0,0,0,00000000,00,0,1,0,"_","_","_","_"
475,475,0,3e50d0d1,00,0,0,0,00000000,00,0,1,0,"_","_","_","_"
476,476,0,3e50d0d1,00,0,0,0,00000000,00,0,1,0,"_","_","_","_"
477,477,0,3e50d0d1,00,0,0,0,00000000,00,0,1,0,"_","_","_","_"
478,478,0,3e50d0d1,00,0,0,0,00000000,00,0,1,0,"_","_","_","_"
479,479,0,3e50d0d1,00,0,0,0,00000000,00,0,1,0,"_","_","_","_"
480,480,0,3e50d0d1,00,0,0,0,00000000,00,0,1,0,"_","_","_","_"
481,481,0,3e50d0d1,00,0,0,0,00000000,00,0,1,0,"_","_","_","_"
482,482,0,3e50d0d1,00,0,0,0,00000000,00,0,1,0,"_","_","_","_"
483,483,0,3e50d0d1,00,0,0,0,00000000,00,0,1,0,"_","_","_","_"
484,484,0,3e50d0d1,00,0,0,0,00000000,00,0,1,0,"_","_","_","_"
485,485,0,3e50d0d1,00,0,0,0,00000000,00,0,1,0,"_","_","_","_"
486,486,0,3e50d0d1,00,0,1,0,00000000,00,0,1,0,"_","_","_","_"
487,487,0,3d85a1b2,00,1,1,0,00000000,00,0,1,0,"Active","_","Stream Beat","_"
488,488,0,3d85a1b2,00,0,1,0,00000000,00,0,1,0,"_","_","_","_"
489,489,0,3d85a1b2,00,0,1,0,00000000,00,0,1,0,"_","_","_","_"
490,490,0,3d85a1b2,00,0,1,0,00000000,00,0,1,0,"_","_","_","_"
491,491,0,3d85a1b2,00,0,1,0,00000000,00,0,1,0,"_","_","_","_"
492,492,0,3d85a1b2,00,0,1,0,00000000,00,0,1,0,"_","_","_","_"
493,493,0,3d85a1b2,00,0,1,0,00000000,00,0,1,0,"_","_","_","_"
494,494,0,3d85a1b2,00,0,1,0,00000000,00,0,1,0,"_","_","_","_"
495,495,0,3d85a1b2,00,0,1,0,00000000,00,0,1,0,"_","_","_","_"
496,496,0,3d85a1b2,00,0,1,0,00000000,00,0,1,0,"_","_","_","_"
497,497,0,3d85a1b2,00,0,1,0,00000000,00,0,1,0,"_","_","_","_"
498,498,0,3d85a1b2,00,0,1,0,00000000,00,0,1,0,"_","_","_","_"
499,499,0,3d85a1b2,00,0,1,0,00000000,00,0,1,0,"_","_","_","_"
500,500,0,3d85a1b2,00,0,1,0,00000000,00,0,1,0,"_","_","_","_"
501,501,0,3d85a1b2,00,0,1,0,00000000,00,0,1,0,"_","_","_","_"
502,502,0,3d85a1b2,00,0,1,0,00000000,00,0,1,0,"_","_","_","_"
503,503,0,3d85a1b2,00,0,1,0,00000000,00,0,1,0,"_","_","_","_"
504,504,0,3d85a1b2,00,0,1,0,00000000,00,0,1,0,"_","_","_","_"
505,505,0,3d85a1b2,00,0,1,0,00000000,00,0,1,0,"_","_","_","_"
506,506,0,3d85a1b2,00,0,1,0,00000000,00,0,1,0,"_","_","_","_"
507,507,0,3d85a1b2,00,0,1,0,00000000,00,0,1,0,"_","_","_","_"
508,508,0,3d85a1b2,00,0,1,0,00000000,00,0,1,0,"_","_","_","_"
509,509,0,3d85a1b2,00,0,1,0,00000000,00,0,1,0,"_","_","_","_"
510,510,0,3d85a1b2,00,0,1,0,00000000,00,0,1,0,"_","_","_","_"
511,511,0,3d85a1b2,00,0,1,0,00000000,00,0,1,0,"_","_","_","_"
512,512,1,3f129293,00,1,1,1,00000000,00,0,1,0,"Active","_","Last Stream","_"
513,513,0,3f129293,00,0,0,1,00000000,00,0,1,0,"_","_","_","_"
514,514,0,3f129293,00,0,0,1,00000000,00,0,1,0,"_","_","_","_"
515,515,0,3f129293,00,0,0,1,00000000,00,0,1,0,"_","_","_","_"
516,516,0,3f129293,00,0,0,1,00000000,00,0,1,0,"_","_","_","_"
517,517,0,3f129293,00,0,0,1,00000000,00,0,1,0,"_","_","_","_"
518,518,0,3f129293,00,0,0,1,00000000,00,0,1,0,"_","_","_","_"
519,519,0,3f129293,00,0,0,1,00000000,00,0,1,0,"_","_","_","_"
520,520,0,3f129293,00,0,0,1,00000000,00,0,1,0,"_","_","_","_"
521,521,0,3f129293,00,0,0,1,00000000,00,0,1,0,"_","_","_","_"
522,522,0,3f129293,00,0,0,1,00000000,00,0,1,0,"_","_","_","_"
523,523,0,3f129293,00,0,0,1,00000000,00,0,1,0,"_","_","_","_"
524,524,0,3f129293,00,0,0,1,00000000,00,0,1,0,"_","_","_","_"
525,525,0,3f129293,00,0,0,1,00000000,00,0,1,0,"_","_","_","_"
526,526,0,3f129293,00,0,0,1,00000000,00,0,1,0,"_","_","_","_"
527,527,0,3f129293,00,0,0,1,00000000,00,0,1,0,"_","_","_","_"
528,528,0,3f129293,00,0,0,1,00000000,00,0,1,0,"_","_","_","_"
529,529,0,3f129293,00,0,0,1,00000000,00,0,1,0,"_","_","_","_"
530,530,0,3f129293,00,0,0,1,00000000,00,0,1,0,"_","_","_","_"
531,531,0,3f129293,00,0,0,1,00000000,00,0,1,0,"_","_","_","_"
532,532,0,3f129293,00,0,1,1,3dbf1c93,00,1,1,1,"_","Active","_","Last Stream"
533,533,0,3f129293,00,0,1,1,3dbf1c93,00,0,1,0,"_","_","_","_"
534,534,0,3f129293,00,0,1,1,3dbf1c93,00,0,1,0,"_","_","_","_"
535,535,0,3f129293,00,0,1,1,3dbf1c93,00,0,1,0,"_","_","_","_"
536,536,0,3f129293,00,0,1,1,3dbf1c93,00,0,1,0,"_","_","_","_"
537,537,0,3f129293,00,0,1,1,3dbf1c93,00,0,1,0,"_","_","_","_"
538,538,0,3f129293,00,0,1,1,3dbf1c93,00,0,1,0,"_","_","_","_"
539,539,0,3f129293,00,0,1,1,3dbf1c93,00,0,1,0,"_","_","_","_"
540,540,0,3f129293,00,0,1,1,3dbf1c93,00,0,1,0,"_","_","_","_"
541,541,0,3f129293,00,0,1,1,3dbf1c93,00,0,1,0,"_","_","_","_"
542,542,0,3f129293,00,0,1,1,3dbf1c93,00,0,1,0,"_","_","_","_"
543,543,0,3f129293,00,0,1,1,3dbf1c93,00,0,1,0,"_","_","_","_"
544,544,0,3f129293,00,0,1,1,3dbf1c93,00,0,1,0,"_","_","_","_"
545,545,0,3f129293,00,0,1,1,3dbf1c93,00,0,1,0,"_","_","_","_"
546,546,0,3f129293,00,0,1,1,3dbf1c93,00,0,1,0,"_","_","_","_"
547,547,0,3f129293,00,0,1,1,3dbf1c93,00,0,1,0,"_","_","_","_"
548,548,0,3f129293,00,0,1,1,3dbf1c93,00,0,1,0,"_","_","_","_"
549,549,0,3f129293,00,0,1,1,3dbf1c93,00,0,1,0,"_","_","_","_"
550,550,0,3f129293,00,0,1,1,3dbf1c93,00,0,1,0,"_","_","_","_"
551,551,0,3f129293,00,0,1,1,3dbf1c93,00,0,1,0,"_","_","_","_"
552,552,0,3f129293,00,0,1,1,3dbf1c93,00,0,1,0,"_","_","_","_"
553,553,0,3f129293,00,0,1,1,3dbf1c93,00,0,1,0,"_","_","_","_"
554,554,0,3f129293,00,0,1,1,3dbf1c93,00,0,1,0,"_","_","_","_"
555,555,0,3f129293,00,0,1,1,3dbf1c93,00,0,1,0,"_","_","_","_"
556,556,0,3f129293,00,0,1,1,3dbf1c93,00,0,1,0,"_","_","_","_"
557,557,0,3f129293,00,0,1,1,3dbf1c93,00,0,1,0,"_","_","_","_"
558,558,0,3f129293,00,0,1,1,3dbf1c93,00,0,1,0,"_","_","_","_"
559,559,0,3f129293,00,0,1,1,3dbf1c93,00,0,1,0,"_","_","_","_"
560,560,0,3f129293,00,0,1,1,3dbf1c93,00,0,1,0,"_","_","_","_"
561,561,0,3f129293,00,0,1,1,3dbf1c93,00,0,1,0,"_","_","_","_"
562,562,0,3f129293,00,0,1,1,3dbf1c93,00,0,1,0,"_","_","_","_"
563,563,0,3f129293,00,0,1,1,3dbf1c93,00,0,1,0,"_","_","_","_"
564,564,0,3f129293,00,0,1,1,3dbf1c93,00,0,1,0,"_","_","_","_"
565,565,0,3f129293,00,0,1,1,3dbf1c93,00,0,1,0,"_","_","_","_"
566,566,0,3f129293,00,0,1,1,3dbf1c93,00,0,1,0,"_","_","_","_"
567,567,0,3f129293,00,0,1,1,3dbf1c93,00,0,1,0,"_","_","_","_"
568,568,0,3f129293,00,0,1,1,3dbf1c93,00,0,1,0,"_","_","_","_"
569,569,0,3f129293,00,0,1,1,3dbf1c93,00,0,1,0,"_","_","_","_"
570,570,0,3f129293,00,0,1,1,3dbf1c93,00,0,1,0,"_","_","_","_"
571,571,0,3f129293,00,0,1,1,3dbf1c93,00,0,1,0,"_","_","_","_"
572,572,0,3f129293,00,0,1,1,3dbf1c93,00,0,1,0,"_","_","_","_"
573,573,0,3f129293,00,0,1,1,3dbf1c93,00,0,1,0,"_","_","_","_"
574,574,0,3f129293,00,0,1,1,3dbf1c93,00,0,1,0,"_","_","_","_"
575,575,0,3f129293,00,0,1,1,3dbf1c93,00,0,1,0,"_","_","_","_"
576,576,0,3f129293,00,0,1,1,3dbf1c93,00,0,1,0,"_","_","_","_"
577,577,0,3f129293,00,0,1,1,3dbf1c93,00,0,1,0,"_","_","_","_"
578,578,0,3f129293,00,0,1,1,3dbf1c93,00,0,1,0,"_","_","_","_"
579,579,0,bcadde81,00,1,1,0,3dbf1c93,00,0,1,0,"Active","_","Stream Beat","_"
580,580,0,bcadde81,00,0,1,0,3dbf1c93,00,0,1,0,"_","_","_","_"
581,581,0,bcadde81,00,0,1,0,3dbf1c93,00,0,1,0,"_","_","_","_"
582,582,0,bcadde81,00,0,1,0,3dbf1c93,00,0,1,0,"_","_","_","_"
583,583,0,bcadde81,00,0,1,0,3dbf1c93,00,0,1,0,"_","_","_","_"
584,584,0,bcadde81,00,0,1,0,3dbf1c93,00,0,1,0,"_","_","_","_"
585,585,0,bcadde81,00,0,1,0,3dbf1c93,00,0,1,0,"_","_","_","_"
586,586,0,bcadde81,00,0,1,0,3dbf1c93,00,0,1,0,"_","_","_","_"
587,587,0,bcadde81,00,0,1,0,3dbf1c93,00,0,1,0,"_","_","_","_"
588,588,0,bcadde81,00,0,1,0,3dbf1c93,00,0,1,0,"_","_","_","_"
589,589,0,bcadde81,00,0,1,0,3dbf1c93,00,0,1,0,"_","_","_","_"
590,590,0,bcadde81,00,0,1,0,3dbf1c93,00,0,1,0,"_","_","_","_"
591,591,0,bcadde81,00,0,1,0,3dbf1c93,00,0,1,0,"_","_","_","_"
592,592,0,bcadde81,00,0,1,0,3dbf1c93,00,0,1,0,"_","_","_","_"
593,593,0,bcadde81,00,0,1,0,3dbf1c93,00,0,1,0,"_","_","_","_"
594,594,0,bcadde81,00,0,1,0,3dbf1c93,00,0,1,0,"_","_","_","_"
595,595,0,bcadde81,00,0,1,0,3dbf1c93,00,0,1,0,"_","_","_","_"
596,596,0,bcadde81,00,0,1,0,3dbf1c93,00,0,1,0,"_","_","_","_"
597,597,0,bcadde81,00,0,1,0,3dbf1c93,00,0,1,0,"_","_","_","_"
598,598,0,bcadde81,00,0,1,0,3dbf1c93,00,0,1,0,"_","_","_","_"
599,599,0,bcadde81,00,0,1,0,3dbf1c93,00,0,1,0,"_","_","_","_"
600,600,0,bcadde81,00,0,1,0,3dbf1c93,00,0,1,0,"_","_","_","_"
601,601,0,bcadde81,00,0,1,0,3dbf1c93,00,0,1,0,"_","_","_","_"
602,602,0,bcadde81,00,0,1,0,3dbf1c93,00,0,1,0,"_","_","_","_"
603,603,0,3f38b8b9,00,1,1,0,3dbf1c93,00,0,1,0,"Active","_","Stream Beat","_"
604,604,0,3f38b8b9,00,0,0,0,3dbf1c93,00,0,1,0,"_","_","_","_"
605,605,0,3f38b8b9,00,0,0,0,3dbf1c93,00,0,1,0,"_","_","_","_"
606,606,0,3f38b8b9,00,0,0,0,3dbf1c93,00,0,1,0,"_","_","_","_"
607,607,0,3f38b8b9,00,0,0,0,3dbf1c93,00,0,1,0,"_","_","_","_"
608,608,0,3f38b8b9,00,0,0,0,3dbf1c93,00,0,1,0,"_","_","_","_"
609,609,0,3f38b8b9,00,0,0,0,3dbf1c93,00,0,1,0,"_","_","_","_"
610,610,0,3f38b8b9,00,0,0,0,3dbf1c93,00,0,1,0,"_","_","_","_"
611,611,0,3f38b8b9,00,0,0,0,3dbf1c93,00,0,1,0,"_","_","_","_"
612,612,0,3f38b8b9,00,0,0,0,3dbf1c93,00,0,1,0,"_","_","_","_"
613,613,0,3f38b8b9,00,0,0,0,3dbf1c93,00,0,1,0,"_","_","_","_"
614,614,0,3f38b8b9,00,0,0,0,3dbf1c93,00,0,1,0,"_","_","_","_"
615,615,0,3f38b8b9,00,0,0,0,3dbf1c93,00,0,1,0,"_","_","_","_"
616,616,0,3f38b8b9,00,0,0,0,3dbf1c93,00,0,1,0,"_","_","_","_"
617,617,0,3f38b8b9,00,0,0,0,3dbf1c93,00,0,1,0,"_","_","_","_"
618,618,0,3f38b8b9,00,0,0,0,3dbf1c93,00,0,1,0,"_","_","_","_"
619,619,0,3f38b8b9,00,0,0,0,3dbf1c93,00,0,1,0,"_","_","_","_"
620,620,0,3f38b8b9,00,0,0,0,3dbf1c93,00,0,1,0,"_","_","_","_"
621,621,0,3f38b8b9,00,0,0,0,3dbf1c93,00,0,1,0,"_","_","_","_"
622,622,0,3f38b8b9,00,0,1,0,3dbf1c93,00,0,1,0,"_","_","_","_"
623,623,0,3d20978a,00,1,1,0,3dbf1c93,00,0,1,0,"Active","_","Stream Beat","_"
624,624,0,3d20978a,00,0,1,0,3dbf1c93,00,0,1,0,"_","_","_","_"
625,625,0,3d20978a,00,0,1,0,3dbf1c93,00,0,1,0,"_","_","_","_"
626,626,0,3d20978a,00,0,1,0,3dbf1c93,00,0,1,0,"_","_","_","_"
627,627,0,3d20978a,00,0,1,0,3dbf1c93,00,0,1,0,"_","_","_","_"
628,628,0,3d20978a,00,0,1,0,3dbf1c93,00,0,1,0,"_","_","_","_"
629,629,0,3d20978a,00,0,1,0,3dbf1c93,00,0,1,0,"_","_","_","_"
630,630,0,3d20978a,00,0,1,0,3dbf1c93,00,0,1,0,"_","_","_","_"
631,631,0,3d20978a,00,0,1,0,3dbf1c93,00,0,1,0,"_","_","_","_"
632,632,0,3d20978a,00,0,1,0,3dbf1c93,00,0,1,0,"_","_","_","_"
633,633,0,3d20978a,00,0,1,0,3dbf1c93,00,0,1,0,"_","_","_","_"
634,634,0,3d20978a,00,0,1,0,3dbf1c93,00,0,1,0,"_","_","_","_"
635,635,0,3d20978a,00,0,1,0,3dbf1c93,00,0,1,0,"_","_","_","_"
636,636,0,3d20978a,00,0,1,0,3dbf1c93,00,0,1,0,"_","_","_","_"
637,637,0,3d20978a,00,0,1,0,3dbf1c93,00,0,1,0,"_","_","_","_"
638,638,0,3d20978a,00,0,1,0,3dbf1c93,00,0,1,0,"_","_","_","_"
639,639,0,3d20978a,00,0,1,0,3dbf1c93,00,0,1,0,"_","_","_","_"
640,640,0,3d20978a,00,0,1,0,3dbf1c93,00,0,1,0,"_","_","_","_"
641,641,0,3d20978a,00,0,1,0,3dbf1c93,00,0,1,0,"_","_","_","_"
642,642,0,3d20978a,00,0,1,0,3dbf1c93,00,0,1,0,"_","_","_","_"
643,643,0,3d20978a,00,0,1,0,3dbf1c93,00,0,1,0,"_","_","_","_"
644,644,0,3f4bcbcc,00,1,1,0,3dbf1c93,00,0,1,0,"Active","_","Stream Beat","_"
645,645,0,3f4bcbcc,00,0,0,0,3dbf1c93,00,0,1,0,"_","_","_","_"
646,646,0,3f4bcbcc,00,0,0,0,3dbf1c93,00,0,1,0,"_","_","_","_"
647,647,0,3f4bcbcc,00,0,0,0,3dbf1c93,00,0,1,0,"_","_","_","_"
648,648,0,3f4bcbcc,00,0,0,0,3dbf1c93,00,0,1,0,"_","_","_","_"
649,649,0,3f4bcbcc,00,0,0,0,3dbf1c93,00,0,1,0,"_","_","_","_"
650,650,0,3f4bcbcc,00,0,0,0,3dbf1c93,00,0,1,0,"_","_","_","_"
651,651,0,3f4bcbcc,00,0,0,0,3dbf1c93,00,0,1,0,"_","_","_","_"
652,652,0,3f4bcbcc,00,0,0,0,3dbf1c93,00,0,1,0,"_","_","_","_"
653,653,0,3f4bcbcc,00,0,0,0,3dbf1c93,00,0,1,0,"_","_","_","_"
654,654,0,3f4bcbcc,00,0,0,0,3dbf1c93,00,0,1,0,"_","_","_","_"
655,655,0,3f4bcbcc,00,0,0,0,3dbf1c93,00,0,1,0,"_","_","_","_"
656,656,0,3f4bcbcc,00,0,0,0,3dbf1c93,00,0,1,0,"_","_","_","_"
657,657,0,3f4bcbcc,00,0,0,0,3dbf1c93,00,0,1,0,"_","_","_","_"
658,658,0,3f4bcbcc,00,0,0,0,3dbf1c93,00,0,1,0,"_","_","_","_"
659,659,0,3f4bcbcc,00,0,0,0,3dbf1c93,00,0,1,0,"_","_","_","_"
660,660,0,3f4bcbcc,00,0,0,0,3dbf1c93,00,0,1,0,"_","_","_","_"
661,661,0,3f4bcbcc,00,0,0,0,3dbf1c93,00,0,1,0,"_","_","_","_"
662,662,0,3f4bcbcc,00,0,0,0,3dbf1c93,00,0,1,0,"_","_","_","_"
663,663,0,3f4bcbcc,00,0,1,0,3dbf1c93,00,0,1,0,"_","_","_","_"
664,664,0,3cf910ae,00,1,1,0,3dbf1c93,00,0,1,0,"Active","_","Stream Beat","_"
665,665,0,3cf910ae,00,0,1,0,3dbf1c93,00,0,1,0,"_","_","_","_"
666,666,0,3cf910ae,00,0,1,0,3dbf1c93,00,0,1,0,"_","_","_","_"
667,667,0,3cf910ae,00,0,1,0,3dbf1c93,00,0,1,0,"_","_","_","_"
668,668,0,3cf910ae,00,0,1,0,3dbf1c93,00,0,1,0,"_","_","_","_"
669,669,0,3cf910ae,00,0,1,0,3dbf1c93,00,0,1,0,"_","_","_","_"
670,670,0,3cf910ae,00,0,1,0,3dbf1c93,00,0,1,0,"_","_","_","_"
671,671,0,3cf910ae,00,0,1,0,3dbf1c93,00,0,1,0,"_","_","_","_"
672,672,0,3cf910ae,00,0,1,0,3dbf1c93,00,0,1,0,"_","_","_","_"
673,673,0,3cf910ae,00,0,1,0,3dbf1c93,00,0,1,0,"_","_","_","_"
674,674,0,3cf910ae,00,0,1,0,3dbf1c93,00,0,1,0,"_","_","_","_"
675,675,0,3cf910ae,00,0,1,0,3dbf1c93,00,0,1,0,"_","_","_","_"
676,676,0,3cf910ae,00,0,1,0,3dbf1c93,00,0,1,0,"_","_","_","_"
677,677,0,3cf910ae,00,0,1,0,3dbf1c93,00,0,1,0,"_","_","_","_"
678,678,0,3cf910ae,00,0,1,0,3dbf1c93,00,0,1,0,"_","_","_","_"
679,679,0,3cf910ae,00,0,1,0,3dbf1c93,00,0,1,0,"_","_","_","_"
680,680,0,3cf910ae,00,0,1,0,3dbf1c93,00,0,1,0,"_","_","_","_"
681,681,0,3cf910ae,00,0,1,0,3dbf1c93,00,0,1,0,"_","_","_","_"
682,682,0,3cf910ae,00,0,1,0,3dbf1c93,00,0,1,0,"_","_","_","_"
683,683,0,3cf910ae,00,0,1,0,3dbf1c93,00,0,1,0,"_","_","_","_"
684,684,0,3cf910ae,00,0,1,0,3dbf1c93,00,0,1,0,"_","_","_","_"
685,685,0,3f58d8d9,00,1,1,0,3dbf1c93,00,0,1,0,"Active","_","Stream Beat","_"
686,686,0,3f58d8d9,00,0,0,0,3dbf1c93,00,0,1,0,"_","_","_","_"
687,687,0,3f58d8d9,00,0,0,0,3dbf1c93,00,0,1,0,"_","_","_","_"
688,688,0,3f58d8d9,00,0,0,0,3dbf1c93,00,0,1,0,"_","_","_","_"
689,689,0,3f58d8d9,00,0,0,0,3dbf1c93,00,0,1,0,"_","_","_","_"
690,690,0,3f58d8d9,00,0,0,0,3dbf1c93,00,0,1,0,"_","_","_","_"
691,691,0,3f58d8d9,00,0,0,0,3dbf1c93,00,0,1,0,"_","_","_","_"
692,692,0,3f58d8d9,00,0,0,0,3dbf1c93,00,0,1,0,"_","_","_","_"
693,693,0,3f58d8d9,00,0,0,0,3dbf1c93,00,0,1,0,"_","_","_","_"
694,694,0,3f58d8d9,00,0,0,0,3dbf1c93,00,0,1,0,"_","_","_","_"
695,695,0,3f58d8d9,00,0,0,0,3dbf1c93,00,0,1,0,"_","_","_","_"
696,696,0,3f58d8d9,00,0,0,0,3dbf1c93,00,0,1,0,"_","_","_","_"
697,697,0,3f58d8d9,00,0,0,0,3dbf1c93,00,0,1,0,"_","_","_","_"
698,698,0,3f58d8d9,00,0,0,0,3dbf1c93,00,0,1,0,"_","_","_","_"
699,699,0,3f58d8d9,00,0,0,0,3dbf1c93,00,0,1,0,"_","_","_","_"
700,700,0,3f58d8d9,00,0,0,0,3dbf1c93,00,0,1,0,"_","_","_","_"
701,701,0,3f58d8d9,00,0,0,0,3dbf1c93,00,0,1,0,"_","_","_","_"
702,702,0,3f58d8d9,00,0,0,0,3dbf1c93,00,0,1,0,"_","_","_","_"
703,703,0,3f58d8d9,00,0,0,0,3dbf1c93,00,0,1,0,"_","_","_","_"
704,704,0,3f58d8d9,00,0,1,0,3dbf1c93,00,0,1,0,"_","_","_","_"
705,705,0,bdf2bda3,00,1,1,0,3dbf1c93,00,0,1,0,"Active","_","Stream Beat","_"
706,706,0,bdf2bda3,00,0,1,0,3dbf1c93,00,0,1,0,"_","_","_","_"
707,707,0,bdf2bda3,00,0,1,0,3dbf1c93,00,0,1,0,"_","_","_","_"
708,708,0,bdf2bda3,00,0,1,0,3dbf1c93,00,0,1,0,"_","_","_","_"
709,709,0,bdf2bda3,00,0,1,0,3dbf1c93,00,0,1,0,"_","_","_","_"
710,710,0,bdf2bda3,00,0,1,0,3dbf1c93,00,0,1,0,"_","_","_","_"
711,711,0,bdf2bda3,00,0,1,0,3dbf1c93,00,0,1,0,"_","_","_","_"
712,712,0,bdf2bda3,00,0,1,0,3dbf1c93,00,0,1,0,"_","_","_","_"
713,713,0,bdf2bda3,00,0,1,0,3dbf1c93,00,0,1,0,"_","_","_","_"
714,714,0,bdf2bda3,00,0,1,0,3dbf1c93,00,0,1,0,"_","_","_","_"
715,715,0,bdf2bda3,00,0,1,0,3dbf1c93,00,0,1,0,"_","_","_","_"
716,716,0,bdf2bda3,00,0,1,0,3dbf1c93,00,0,1,0,"_","_","_","_"
717,717,0,bdf2bda3,00,0,1,0,3dbf1c93,00,0,1,0,"_","_","_","_"
718,718,0,bdf2bda3,00,0,1,0,3dbf1c93,00,0,1,0,"_","_","_","_"
719,719,0,bdf2bda3,00,0,1,0,3dbf1c93,00,0,1,0,"_","_","_","_"
720,720,0,bdf2bda3,00,0,1,0,3dbf1c93,00,0,1,0,"_","_","_","_"
721,721,0,bdf2bda3,00,0,1,0,3dbf1c93,00,0,1,0,"_","_","_","_"
722,722,0,bdf2bda3,00,0,1,0,3dbf1c93,00,0,1,0,"_","_","_","_"
723,723,0,bdf2bda3,00,0,1,0,3dbf1c93,00,0,1,0,"_","_","_","_"
724,724,0,bdf2bda3,00,0,1,0,3dbf1c93,00,0,1,0,"_","_","_","_"
725,725,0,bdf2bda3,00,0,1,0,3dbf1c93,00,0,1,0,"_","_","_","_"
726,726,0,3e50d0d1,00,1,1,0,3dbf1c93,00,0,1,0,"Active","_","Stream Beat","_"
727,727,0,3e50d0d1,00,0,0,0,3dbf1c93,00,0,1,0,"_","_","_","_"
728,728,0,3e50d0d1,00,0,0,0,3dbf1c93,00,0,1,0,"_","_","_","_"
729,729,0,3e50d0d1,00,0,0,0,3dbf1c93,00,0,1,0,"_","_","_","_"
730,730,0,3e50d0d1,00,0,0,0,3dbf1c93,00,0,1,0,"_","_","_","_"
731,731,0,3e50d0d1,00,0,0,0,3dbf1c93,00,0,1,0,"_","_","_","_"
732,732,0,3e50d0d1,00,0,0,0,3dbf1c93,00,0,1,0,"_","_","_","_"
733,733,0,3e50d0d1,00,0,0,0,3dbf1c93,00,0,1,0,"_","_","_","_"
734,734,0,3e50d0d1,00,0,0,0,3dbf1c93,00,0,1,0,"_","_","_","_"
735,735,0,3e50d0d1,00,0,0,0,3dbf1c93,00,0,1,0,"_","_","_","_"
736,736,0,3e50d0d1,00,0,0,0,3dbf1c93,00,0,1,0,"_","_","_","_"
737,737,0,3e50d0d1,00,0,0,0,3dbf1c93,00,0,1,0,"_","_","_","_"
738,738,0,3e50d0d1,00,0,0,0,3dbf1c93,00,0,1,0,"_","_","_","_"
739,739,0,3e50d0d1,00,0,0,0,3dbf1c93,00,0,1,0,"_","_","_","_"
740,740,0,3e50d0d1,00,0,0,0,3dbf1c93,00,0,1,0,"_","_","_","_"
741,741,0,3e50d0d1,00,0,0,0,3dbf1c93,00,0,1,0,"_","_","_","_"
742,742,0,3e50d0d1,00,0,0,0,3dbf1c93,00,0,1,0,"_","_","_","_"
743,743,0,3e50d0d1,00,0,0,0,3dbf1c93,00,0,1,0,"_","_","_","_"
744,744,0,3e50d0d1,00,0,0,0,3dbf1c93,00,0,1,0,"_","_","_","_"
745,745,0,3e50d0d1,00,0,1,0,3dbf1c93,00,0,1,0,"_","_","_","_"
746,746,0,be1858d8,00,1,1,0,3dbf1c93,00,0,1,0,"Active","_","Stream Beat","_"
747,747,0,be1858d8,00,0,1,0,3dbf1c93,00,0,1,0,"_","_","_","_"
748,748,0,be1858d8,00,0,1,0,3dbf1c93,00,0,1,0,"_","_","_","_"
749,749,0,be1858d8,00,0,1,0,3dbf1c93,00,0,1,0,"_","_","_","_"
750,750,0,be1858d8,00,0,1,0,3dbf1c93,00,0,1,0,"_","_","_","_"
751,751,0,be1858d8,00,0,1,0,3dbf1c93,00,0,1,0,"_","_","_","_"
752,752,0,be1858d8,00,0,1,0,3dbf1c93,00,0,1,0,"_","_","_","_"
753,753,0,be1858d8,00,0,1,0,3dbf1c93,00,0,1,0,"_","_","_","_"
754,754,0,be1858d8,00,0,1,0,3dbf1c93,00,0,1,0,"_","_","_","_"
755,755,0,be1858d8,00,0,1,0,3dbf1c93,00,0,1,0,"_","_","_","_"
756,756,0,be1858d8,00,0,1,0,3dbf1c93,00,0,1,0,"_","_","_","_"
757,757,0,be1858d8,00,0,1,0,3dbf1c93,00,0,1,0,"_","_","_","_"
758,758,0,be1858d8,00,0,1,0,3dbf1c93,00,0,1,0,"_","_","_","_"
759,759,0,be1858d8,00,0,1,0,3dbf1c93,00,0,1,0,"_","_","_","_"
760,760,0,be1858d8,00,0,1,0,3dbf1c93,00,0,1,0,"_","_","_","_"
761,761,0,be1858d8,00,0,1,0,3dbf1c93,00,0,1,0,"_","_","_","_"
762,762,0,be1858d8,00,0,1,0,3dbf1c93,00,0,1,0,"_","_","_","_"
763,763,0,be1858d8,00,0,1,0,3dbf1c93,00,0,1,0,"_","_","_","_"
764,764,0,be1858d8,00,0,1,0,3dbf1c93,00,0,1,0,"_","_","_","_"
765,765,0,be1858d8,00,0,1,0,3dbf1c93,00,0,1,0,"_","_","_","_"
766,766,0,be1858d8,00,0,1,0,3dbf1c93,00,0,1,0,"_","_","_","_"
767,767,0,be1858d8,00,0,1,0,3dbf1c93,00,0,1,0,"_","_","_","_"
768,768,0,be1858d8,00,0,1,0,3dbf1c93,00,0,1,0,"_","_","_","_"
769,769,0,be1858d8,00,0,1,0,3dbf1c93,00,0,1,0,"_","_","_","_"
770,770,0,3f800000,00,1,1,0,3dbf1c93,00,0,1,0,"Active","_","Stream Beat","_"
771,771,0,3f800000,00,0,0,0,3dbf1c93,00,0,1,0,"_","_","_","_"
772,772,0,3f800000,00,0,0,0,3dbf1c93,00,0,1,0,"_","_","_","_"
773,773,0,3f800000,00,0,0,0,3dbf1c93,00,0,1,0,"_","_","_","_"
774,774,0,3f800000,00,0,0,0,3dbf1c93,00,0,1,0,"_","_","_","_"
775,775,0,3f800000,00,0,0,0,3dbf1c93,00,0,1,0,"_","_","_","_"
776,776,0,3f800000,00,0,0,0,3dbf1c93,00,0,1,0,"_","_","_","_"
777,777,0,3f800000,00,0,0,0,3dbf1c93,00,0,1,0,"_","_","_","_"
778,778,0,3f800000,00,0,0,0,3dbf1c93,00,0,1,0,"_","_","_","_"
779,779,0,3f800000,00,0,0,0,3dbf1c93,00,0,1,0,"_","_","_","_"
780,780,0,3f800000,00,0,0,0,3dbf1c93,00,0,1,0,"_","_","_","_"
781,781,0,3f800000,00,0,0,0,3dbf1c93,00,0,1,0,"_","_","_","_"
782,782,0,3f800000,00,0,0,0,3dbf1c93,00,0,1,0,"_","_","_","_"
783,783,0,3f800000,00,0,0,0,3dbf1c93,00,0,1,0,"_","_","_","_"
784,784,0,3f800000,00,0,0,0,3dbf1c93,00,0,1,0,"_","_","_","_"
785,785,0,3f800000,00,0,0,0,3dbf1c93,00,0,1,0,"_","_","_","_"
786,786,0,3f800000,00,0,0,0,3dbf1c93,00,0,1,0,"_","_","_","_"
787,787,0,3f800000,00,0,0,0,3dbf1c93,00,0,1,0,"_","_","_","_"
788,788,0,3f800000,00,0,0,0,3dbf1c93,00,0,1,0,"_","_","_","_"
789,789,0,3f800000,00,0,1,0,3dbf1c93,00,0,1,0,"_","_","_","_"
790,790,0,3d7c7cae,00,1,1,0,3dbf1c93,00,0,1,0,"Active","_","Stream Beat","_"
791,791,0,3d7c7cae,00,0,1,0,3dbf1c93,00,0,1,0,"_","_","_","_"
792,792,0,3d7c7cae,00,0,1,0,3dbf1c93,00,0,1,0,"_","_","_","_"
793,793,0,3d7c7cae,00,0,1,0,3dbf1c93,00,0,1,0,"_","_","_","_"
794,794,0,3d7c7cae,00,0,1,0,3dbf1c93,00,0,1,0,"_","_","_","_"
795,795,0,3d7c7cae,00,0,1,0,3dbf1c93,00,0,1,0,"_","_","_","_"
796,796,0,3d7c7cae,00,0,1,0,3dbf1c93,00,0,1,0,"_","_","_","_"
797,797,0,3d7c7cae,00,0,1,0,3dbf1c93,00,0,1,0,"_","_","_","_"
798,798,0,3d7c7cae,00,0,1,0,3dbf1c93,00,0,1,0,"_","_","_","_"
799,799,0,3d7c7cae,00,0,1,0,3dbf1c93,00,0,1,0,"_","_","_","_"
800,800,0,3d7c7cae,00,0,1,0,3dbf1c93,00,0,1,0,"_","_","_","_"
801,801,0,3d7c7cae,00,0,1,0,3dbf1c93,00,0,1,0,"_","_","_","_"
802,802,0,3d7c7cae,00,0,1,0,3dbf1c93,00,0,1,0,"_","_","_","_"
803,803,0,3d7c7cae,00,0,1,0,3dbf1c93,00,0,1,0,"_","_","_","_"
804,804,0,3d7c7cae,00,0,1,0,3dbf1c93,00,0,1,0,"_","_","_","_"
805,805,0,3d7c7cae,00,0,1,0,3dbf1c93,00,0,1,0,"_","_","_","_"
806,806,0,3d7c7cae,00,0,1,0,3dbf1c93,00,0,1,0,"_","_","_","_"
807,807,0,3d7c7cae,00,0,1,0,3dbf1c93,00,0,1,0,"_","_","_","_"
808,808,0,3d7c7cae,00,0,1,0,3dbf1c93,00,0,1,0,"_","_","_","_"
809,809,0,3d7c7cae,00,0,1,0,3dbf1c93,00,0,1,0,"_","_","_","_"
810,810,0,3d7c7cae,00,0,1,0,3dbf1c93,00,0,1,0,"_","_","_","_"
811,811,0,3ce0e0e1,00,1,1,0,3dbf1c93,00,0,1,0,"Active","_","Stream Beat","_"
812,812,0,3ce0e0e1,00,0,0,0,3dbf1c93,00,0,1,0,"_","_","_","_"
813,813,0,3ce0e0e1,00,0,0,0,3dbf1c93,00,0,1,0,"_","_","_","_"
814,814,0,3ce0e0e1,00,0,0,0,3dbf1c93,00,0,1,0,"_","_","_","_"
815,815,0,3ce0e0e1,00,0,0,0,3dbf1c93,00,0,1,0,"_","_","_","_"
816,816,0,3ce0e0e1,00,0,0,0,3dbf1c93,00,0,1,0,"_","_","_","_"
817,817,0,3ce0e0e1,00,0,0,0,3dbf1c93,00,0,1,0,"_","_","_","_"
818,818,0,3ce0e0e1,00,0,0,0,3dbf1c93,00,0,1,0,"_","_","_","_"
819,819,0,3ce0e0e1,00,0,0,0,3dbf1c93,00,0,1,0,"_","_","_","_"
820,820,0,3ce0e0e1,00,0,0,0,3dbf1c93,00,0,1,0,"_","_","_","_"
821,821,0,3ce0e0e1,00,0,0,0,3dbf1c93,00,0,1,0,"_","_","_","_"
822,822,0,3ce0e0e1,00,0,0,0,3dbf1c93,00,0,1,0,"_","_","_","_"
823,823,0,3ce0e0e1,00,0,0,0,3dbf1c93,00,0,1,0,"_","_","_","_"
824,824,0,3ce0e0e1,00,0,0,0,3dbf1c93,00,0,1,0,"_","_","_","_"
825,825,0,3ce0e0e1,00,0,0,0,3dbf1c93,00,0,1,0,"_","_","_","_"
826,826,0,3ce0e0e1,00,0,0,0,3dbf1c93,00,0,1,0,"_","_","_","_"
827,827,0,3ce0e0e1,00,0,0,0,3dbf1c93,00,0,1,0,"_","_","_","_"
828,828,0,3ce0e0e1,00,0,0,0,3dbf1c93,00,0,1,0,"_","_","_","_"
829,829,0,3ce0e0e1,00,0,0,0,3dbf1c93,00,0,1,0,"_","_","_","_"
830,830,0,3ce0e0e1,00,0,1,0,3dbf1c93,00,0,1,0,"_","_","_","_"
831,831,0,bd9b6287,00,1,1,0,3dbf1c93,00,0,1,0,"Active","_","Stream Beat","_"
832,832,0,bd9b6287,00,0,1,0,3dbf1c93,00,0,1,0,"_","_","_","_"
833,833,0,bd9b6287,00,0,1,0,3dbf1c93,00,0,1,0,"_","_","_","_"
834,834,0,bd9b6287,00,0,1,0,3dbf1c93,00,0,1,0,"_","_","_","_"
835,835,0,bd9b6287,00,0,1,0,3dbf1c93,00,0,1,0,"_","_","_","_"
836,836,0,bd9b6287,00,0,1,0,3dbf1c93,00,0,1,0,"_","_","_","_"
837,837,0,bd9b6287,00,0,1,0,3dbf1c93,00,0,1,0,"_","_","_","_"
838,838,0,bd9b6287,00,0,1,0,3dbf1c93,00,0,1,0,"_","_","_","_"
839,839,0,bd9b6287,00,0,1,0,3dbf1c93,00,0,1,0,"_","_","_","_"
840,840,0,bd9b6287,00,0,1,0,3dbf1c93,00,0,1,0,"_","_","_","_"
841,841,0,bd9b6287,00,0,1,0,3dbf1c93,00,0,1,0,"_","_","_","_"
842,842,0,bd9b6287,00,0,1,0,3dbf1c93,00,0,1,0,"_","_","_","_"
843,843,0,bd9b6287,00,0,1,0,3dbf1c93,00,0,1,0,"_","_","_","_"
844,844,0,bd9b6287,00,0,1,0,3dbf1c93,00,0,1,0,"_","_","_","_"
845,845,0,bd9b6287,00,0,1,0,3dbf1c93,00,0,1,0,"_","_","_","_"
846,846,0,bd9b6287,00,0,1,0,3dbf1c93,00,0,1,0,"_","_","_","_"
847,847,0,bd9b6287,00,0,1,0,3dbf1c93,00,0,1,0,"_","_","_","_"
848,848,0,bd9b6287,00,0,1,0,3dbf1c93,00,0,1,0,"_","_","_","_"
849,849,0,bd9b6287,00,0,1,0,3dbf1c93,00,0,1,0,"_","_","_","_"
850,850,0,bd9b6287,00,0,1,0,3dbf1c93,00,0,1,0,"_","_","_","_"
851,851,0,bd9b6287,00,0,1,0,3dbf1c93,00,0,1,0,"_","_","_","_"
852,852,0,3e74f4f5,00,1,1,0,3dbf1c93,00,0,1,0,"Active","_","Stream Beat","_"
853,853,0,3e74f4f5,00,0,0,0,3dbf1c93,00,0,1,0,"_","_","_","_"
854,854,0,3e74f4f5,00,0,0,0,3dbf1c93,00,0,1,0,"_","_","_","_"
855,855,0,3e74f4f5,00,0,0,0,3dbf1c93,00,0,1,0,"_","_","_","_"
856,856,0,3e74f4f5,00,0,0,0,3dbf1c93,00,0,1,0,"_","_","_","_"
857,857,0,3e74f4f5,00,0,0,0,3dbf1c93,00,0,1,0,"_","_","_","_"
858,858,0,3e74f4f5,00,0,0,0,3dbf1c93,00,0,1,0,"_","_","_","_"
859,859,0,3e74f4f5,00,0,0,0,3dbf1c93,00,0,1,0,"_","_","_","_"
860,860,0,3e74f4f5,00,0,0,0,3dbf1c93,00,0,1,0,"_","_","_","_"
861,861,0,3e74f4f5,00,0,0,0,3dbf1c93,00,0,1,0,"_","_","_","_"
862,862,0,3e74f4f5,00,0,0,0,3dbf1c93,00,0,1,0,"_","_","_","_"
863,863,0,3e74f4f5,00,0,0,0,3dbf1c93,00,0,1,0,"_","_","_","_"
864,864,0,3e74f4f5,00,0,0,0,3dbf1c93,00,0,1,0,"_","_","_","_"
865,865,0,3e74f4f5,00,0,0,0,3dbf1c93,00,0,1,0,"_","_","_","_"
866,866,0,3e74f4f5,00,0,0,0,3dbf1c93,00,0,1,0,"_","_","_","_"
867,867,0,3e74f4f5,00,0,0,0,3dbf1c93,00,0,1,0,"_","_","_","_"
868,868,0,3e74f4f5,00,0,0,0,3dbf1c93,00,0,1,0,"_","_","_","_"
869,869,0,3e74f4f5,00,0,0,0,3dbf1c93,00,0,1,0,"_","_","_","_"
870,870,0,3e74f4f5,00,0,0,0,3dbf1c93,00,0,1,0,"_","_","_","_"
871,871,0,3e74f4f5,00,0,1,0,3dbf1c93,00,0,1,0,"_","_","_","_"
872,872,0,bd3530d1,00,1,1,0,3dbf1c93,00,0,1,0,"Active","_","Stream Beat","_"
873,873,0,bd3530d1,00,0,1,0,3dbf1c93,00,0,1,0,"_","_","_","_"
874,874,0,bd3530d1,00,0,1,0,3dbf1c93,00,0,1,0,"_","_","_","_"
875,875,0,bd3530d1,00,0,1,0,3dbf1c93,00,0,1,0,"_","_","_","_"
876,876,0,bd3530d1,00,0,1,0,3dbf1c93,00,0,1,0,"_","_","_","_"
877,877,0,bd3530d1,00,0,1,0,3dbf1c93,00,0,1,0,"_","_","_","_"
878,878,0,bd3530d1,00,0,1,0,3dbf1c93,00,0,1,0,"_","_","_","_"
879,879,0,bd3530d1,00,0,1,0,3dbf1c93,00,0,1,0,"_","_","_","_"
880,880,0,bd3530d1,00,0,1,0,3dbf1c93,00,0,1,0,"_","_","_","_"
881,881,0,bd3530d1,00,0,1,0,3dbf1c93,00,0,1,0,"_","_","_","_"
882,882,0,bd3530d1,00,0,1,0,3dbf1c93,00,0,1,0,"_","_","_","_"
883,883,0,bd3530d1,00,0,1,0,3dbf1c93,00,0,1,0,"_","_","_","_"
884,884,0,bd3530d1,00,0,1,0,3dbf1c93,00,0,1,0,"_","_","_","_"
885,885,0,bd3530d1,00,0,1,0,3dbf1c93,00,0,1,0,"_","_","_","_"
886,886,0,bd3530d1,00,0,1,0,3dbf1c93,00,0,1,0,"_","_","_","_"
887,887,0,bd3530d1,00,0,1,0,3dbf1c93,00,0,1,0,"_","_","_","_"
888,888,0,bd3530d1,00,0,1,0,3dbf1c93,00,0,1,0,"_","_","_","_"
889,889,0,bd3530d1,00,0,1,0,3dbf1c93,00,0,1,0,"_","_","_","_"
890,890,0,bd3530d1,00,0,1,0,3dbf1c93,00,0,1,0,"_","_","_","_"
891,891,0,bd3530d1,00,0,1,0,3dbf1c93,00,0,1,0,"_","_","_","_"
892,892,0,bd3530d1,00,0,1,0,3dbf1c93,00,0,1,0,"_","_","_","_"
893,893,0,bd3530d1,00,0,1,0,3dbf1c93,00,0,1,0,"_","_","_","_"
894,894,0,3f1e9e9f,00,1,1,0,3dbf1c93,00,0,1,0,"Active","_","Stream Beat","_"
895,895,0,3f1e9e9f,00,0,0,0,3dbf1c93,00,0,1,0,"_","_","_","_"
896,896,0,3f1e9e9f,00,0,0,0,3dbf1c93,00,0,1,0,"_","_","_","_"
897,897,0,3f1e9e9f,00,0,0,0,3dbf1c93,00,0,1,0,"_","_","_","_"
898,898,0,3f1e9e9f,00,0,0,0,3dbf1c93,00,0,1,0,"_","_","_","_"
899,899,0,3f1e9e9f,00,0,0,0,3dbf1c93,00,0,1,0,"_","_","_","_"
900,900,0,3f1e9e9f,00,0,0,0,3dbf1c93,00,0,1,0,"_","_","_","_"
901,901,0,3f1e9e9f,00,0,0,0,3dbf1c93,00,0,1,0,"_","_","_","_"
902,902,0,3f1e9e9f,00,0,0,0,3dbf1c93,00,0,1,0,"_","_","_","_"
903,903,0,3f1e9e9f,00,0,0,0,3dbf1c93,00,0,1,0,"_","_","_","_"
904,904,0,3f1e9e9f,00,0,0,0,3dbf1c93,00,0,1,0,"_","_","_","_"
905,905,0,3f1e9e9f,00,0,0,0,3dbf1c93,00,0,1,0,"_","_","_","_"
906,906,0,3f1e9e9f,00,0,0,0,3dbf1c93,00,0,1,0,"_","_","_","_"
907,907,0,3f1e9e9f,00,0,0,0,3dbf1c93,00,0,1,0,"_","_","_","_"
908,908,0,3f1e9e9f,00,0,0,0,3dbf1c93,00,0,1,0,"_","_","_","_"
909,909,0,3f1e9e9f,00,0,0,0,3dbf1c93,00,0,1,0,"_","_","_","_"
910,910,0,3f1e9e9f,00,0,0,0,3dbf1c93,00,0,1,0,"_","_","_","_"
911,911,0,3f1e9e9f,00,0,0,0,3dbf1c93,00,0,1,0,"_","_","_","_"
912,912,0,3f1e9e9f,00,0,0,0,3dbf1c93,00,0,1,0,"_","_","_","_"
913,913,0,3f1e9e9f,00,0,1,0,3dbf1c93,00,0,1,0,"_","_","_","_"
914,914,0,bd06379a,00,1,1,0,3dbf1c93,00,0,1,0,"Active","_","Stream Beat","_"
915,915,0,bd06379a,00,0,1,0,3dbf1c93,00,0,1,0,"_","_","_","_"
916,916,0,bd06379a,00,0,1,0,3dbf1c93,00,0,1,0,"_","_","_","_"
917,917,0,bd06379a,00,0,1,0,3dbf1c93,00,0,1,0,"_","_","_","_"
918,918,0,bd06379a,00,0,1,0,3dbf1c93,00,0,1,0,"_","_","_","_"
919,919,0,bd06379a,00,0,1,0,3dbf1c93,00,0,1,0,"_","_","_","_"
920,920,0,bd06379a,00,0,1,0,3dbf1c93,00,0,1,0,"_","_","_","_"
921,921,0,bd06379a,00,0,1,0,3dbf1c93,00,0,1,0,"_","_","_","_"
922,922,0,bd06379a,00,0,1,0,3dbf1c93,00,0,1,0,"_","_","_","_"
923,923,0,bd06379a,00,0,1,0,3dbf1c93,00,0,1,0,"_","_","_","_"
924,924,0,bd06379a,00,0,1,0,3dbf1c93,00,0,1,0,"_","_","_","_"
925,925,0,bd06379a,00,0,1,0,3dbf1c93,00,0,1,0,"_","_","_","_"
926,926,0,bd06379a,00,0,1,0,3dbf1c93,00,0,1,0,"_","_","_","_"
927,927,0,bd06379a,00,0,1,0,3dbf1c93,00,0,1,0,"_","_","_","_"
928,928,0,bd06379a,00,0,1,0,3dbf1c93,00,0,1,0,"_","_","_","_"
929,929,0,bd06379a,00,0,1,0,3dbf1c93,00,0,1,0,"_","_","_","_"
930,930,0,bd06379a,00,0,1,0,3dbf1c93,00,0,1,0,"_","_","_","_"
931,931,0,bd06379a,00,0,1,0,3dbf1c93,00,0,1,0,"_","_","_","_"
932,932,0,bd06379a,00,0,1,0,3dbf1c93,00,0,1,0,"_","_","_","_"
933,933,0,bd06379a,00,0,1,0,3dbf1c93,00,0,1,0,"_","_","_","_"
934,934,0,bd06379a,00,0,1,0,3dbf1c93,00,0,1,0,"_","_","_","_"
935,935,0,3f1f9fa0,00,1,1,0,3dbf1c93,00,0,1,0,"Active","_","Stream Beat","_"
936,936,0,3f1f9fa0,00,0,0,0,3dbf1c93,00,0,1,0,"_","_","_","_"
937,937,0,3f1f9fa0,00,0,0,0,3dbf1c93,00,0,1,0,"_","_","_","_"
938,938,0,3f1f9fa0,00,0,0,0,3dbf1c93,00,0,1,0,"_","_","_","_"
939,939,0,3f1f9fa0,00,0,0,0,3dbf1c93,00,0,1,0,"_","_","_","_"
940,940,0,3f1f9fa0,00,0,0,0,3dbf1c93,00,0,1,0,"_","_","_","_"
941,941,0,3f1f9fa0,00,0,0,0,3dbf1c93,00,0,1,0,"_","_","_","_"
942,942,0,3f1f9fa0,00,0,0,0,3dbf1c93,00,0,1,0,"_","_","_","_"
943,943,0,3f1f9fa0,00,0,0,0,3dbf1c93,00,0,1,0,"_","_","_","_"
944,944,0,3f1f9fa0,00,0,0,0,3dbf1c93,00,0,1,0,"_","_","_","_"
945,945,0,3f1f9fa0,00,0,0,0,3dbf1c93,00,0,1,0,"_","_","_","_"
946,946,0,3f1f9fa0,00,0,0,0,3dbf1c93,00,0,1,0,"_","_","_","_"
947,947,0,3f1f9fa0,00,0,0,0,3dbf1c93,00,0,1,0,"_","_","_","_"
948,948,0,3f1f9fa0,00,0,0,0,3dbf1c93,00,0,1,0,"_","_","_","_"
949,949,0,3f1f9fa0,00,0,0,0,3dbf1c93,00,0,1,0,"_","_","_","_"
950,950,0,3f1f9fa0,00,0,0,0,3dbf1c93,00,0,1,0,"_","_","_","_"
951,951,0,3f1f9fa0,00,0,0,0,3dbf1c93,00,0,1,0,"_","_","_","_"
952,952,0,3f1f9fa0,00,0,0,0,3dbf1c93,00,0,1,0,"_","_","_","_"
953,953,0,3f1f9fa0,00,0,0,0,3dbf1c93,00,0,1,0,"_","_","_","_"
954,954,0,3f1f9fa0,00,0,1,0,3dbf1c93,00,0,1,0,"_","_","_","_"
955,955,0,3b8365ba,00,1,1,0,3dbf1c93,00,0,1,0,"Active","_","Stream Beat","_"
956,956,0,3b8365ba,00,0,1,0,3dbf1c93,00,0,1,0,"_","_","_","_"
957,957,0,3b8365ba,00,0,1,0,3dbf1c93,00,0,1,0,"_","_","_","_"
958,958,0,3b8365ba,00,0,1,0,3dbf1c93,00,0,1,0,"_","_","_","_"
959,959,0,3b8365ba,00,0,1,0,3dbf1c93,00,0,1,0,"_","_","_","_"
960,960,0,3b8365ba,00,0,1,0,3dbf1c93,00,0,1,0,"_","_","_","_"
961,961,0,3b8365ba,00,0,1,0,3dbf1c93,00,0,1,0,"_","_","_","_"
962,962,0,3b8365ba,00,0,1,0,3dbf1c93,00,0,1,0,"_","_","_","_"
963,963,0,3b8365ba,00,0,1,0,3dbf1c93,00,0,1,0,"_","_","_","_"
964,964,0,3b8365ba,00,0,1,0,3dbf1c93,00,0,1,0,"_","_","_","_"
965,965,0,3b8365ba,00,0,1,0,3dbf1c93,00,0,1,0,"_","_","_","_"
966,966,0,3b8365ba,00,0,1,0,3dbf1c93,00,0,1,0,"_","_","_","_"
967,967,0,3b8365ba,00,0,1,0,3dbf1c93,00,0,1,0,"_","_","_","_"
968,968,0,3b8365ba,00,0,1,0,3dbf1c93,00,0,1,0,"_","_","_","_"
969,969,0,3b8365ba,00,0,1,0,3dbf1c93,00,0,1,0,"_","_","_","_"
970,970,0,3b8365ba,00,0,1,0,3dbf1c93,00,0,1,0,"_","_","_","_"
971,971,0,3b8365ba,00,0,1,0,3dbf1c93,00,0,1,0,"_","_","_","_"
972,972,0,3b8365ba,00,0,1,0,3dbf1c93,00,0,1,0,"_","_","_","_"
973,973,0,3b8365ba,00,0,1,0,3dbf1c93,00,0,1,0,"_","_","_","_"
974,974,0,3b8365ba,00,0,1,0,3dbf1c93,00,0,1,0,"_","_","_","_"
975,975,0,3b8365ba,00,0,1,0,3dbf1c93,00,0,1,0,"_","_","_","_"
976,976,0,3b8365ba,00,0,1,0,3dbf1c93,00,0,1,0,"_","_","_","_"
977,977,0,3b8365ba,00,0,1,0,3dbf1c93,00,0,1,0,"_","_","_","_"
978,978,0,3b8365ba,00,0,1,0,3dbf1c93,00,0,1,0,"_","_","_","_"
979,979,0,3f23a3a4,00,1,1,0,3dbf1c93,00,0,1,0,"Active","_","Stream Beat","_"
980,980,0,3f23a3a4,00,0,0,0,3dbf1c93,00,0,1,0,"_","_","_","_"
981,981,0,3f23a3a4,00,0,0,0,3dbf1c93,00,0,1,0,"_","_","_","_"
982,982,0,3f23a3a4,00,0,0,0,3dbf1c93,00,0,1,0,"_","_","_","_"
983,983,0,3f23a3a4,00,0,0,0,3dbf1c93,00,0,1,0,"_","_","_","_"
984,984,0,3f23a3a4,00,0,0,0,3dbf1c93,00,0,1,0,"_","_","_","_"
985,985,0,3f23a3a4,00,0,0,0,3dbf1c93,00,0,1,0,"_","_","_","_"
986,986,0,3f23a3a4,00,0,0,0,3dbf1c93,00,0,1,0,"_","_","_","_"
987,987,0,3f23a3a4,00,0,0,0,3dbf1c93,00,0,1,0,"_","_","_","_"
988,988,0,3f23a3a4,00,0,0,0,3dbf1c93,00,0,1,0,"_","_","_","_"
989,989,0,3f23a3a4,00,0,0,0,3dbf1c93,00,0,1,0,"_","_","_","_"
990,990,0,3f23a3a4,00,0,0,0,3dbf1c93,00,0,1,0,"_","_","_","_"
991,991,0,3f23a3a4,00,0,0,0,3dbf1c93,00,0,1,0,"_","_","_","_"
992,992,0,3f23a3a4,00,0,0,0,3dbf1c93,00,0,1,0,"_","_","_","_"
993,993,0,3f23a3a4,00,0,0,0,3dbf1c93,00,0,1,0,"_","_","_","_"
994,994,0,3f23a3a4,00,0,0,0,3dbf1c93,00,0,1,0,"_","_","_","_"
995,995,0,3f23a3a4,00,0,0,0,3dbf1c93,00,0,1,0,"_","_","_","_"
996,996,0,3f23a3a4,00,0,0,0,3dbf1c93,00,0,1,0,"_","_","_","_"
997,997,0,3f23a3a4,00,0,0,0,3dbf1c93,00,0,1,0,"_","_","_","_"
998,998,0,3f23a3a4,00,0,1,0,3dbf1c93,00,0,1,0,"_","_","_","_"
999,999,0,bd537055,00,1,1,0,3dbf1c93,00,0,1,0,"Active","_","Stream Beat","_"
1000,1000,0,bd537055,00,0,1,0,3dbf1c93,00,0,1,0,"_","_","_","_"
1001,1001,0,bd537055,00,0,1,0,3dbf1c93,00,0,1,0,"_","_","_","_"
1002,1002,0,bd537055,00,0,1,0,3dbf1c93,00,0,1,0,"_","_","_","_"
1003,1003,0,bd537055,00,0,1,0,3dbf1c93,00,0,1,0,"_","_","_","_"
1004,1004,0,bd537055,00,0,1,0,3dbf1c93,00,0,1,0,"_","_","_","_"
1005,1005,0,bd537055,00,0,1,0,3dbf1c93,00,0,1,0,"_","_","_","_"
1006,1006,0,bd537055,00,0,1,0,3dbf1c93,00,0,1,0,"_","_","_","_"
1007,1007,0,bd537055,00,0,1,0,3dbf1c93,00,0,1,0,"_","_","_","_"
1008,1008,0,bd537055,00,0,1,0,3dbf1c93,00,0,1,0,"_","_","_","_"
1009,1009,0,bd537055,00,0,1,0,3dbf1c93,00,0,1,0,"_","_","_","_"
1010,1010,0,bd537055,00,0,1,0,3dbf1c93,00,0,1,0,"_","_","_","_"
1011,1011,0,bd537055,00,0,1,0,3dbf1c93,00,0,1,0,"_","_","_","_"
1012,1012,0,bd537055,00,0,1,0,3dbf1c93,00,0,1,0,"_","_","_","_"
1013,1013,0,bd537055,00,0,1,0,3dbf1c93,00,0,1,0,"_","_","_","_"
1014,1014,0,bd537055,00,0,1,0,3dbf1c93,00,0,1,0,"_","_","_","_"
1015,1015,0,bd537055,00,0,1,0,3dbf1c93,00,0,1,0,"_","_","_","_"
1016,1016,0,bd537055,00,0,1,0,3dbf1c93,00,0,1,0,"_","_","_","_"
1017,1017,0,bd537055,00,0,1,0,3dbf1c93,00,0,1,0,"_","_","_","_"
1018,1018,0,bd537055,00,0,1,0,3dbf1c93,00,0,1,0,"_","_","_","_"
1019,1019,0,bd537055,00,0,1,0,3dbf1c93,00,0,1,0,"_","_","_","_"
1020,1020,0,3f4ececf,00,1,1,0,3dbf1c93,00,0,1,0,"Active","_","Stream Beat","_"
1021,1021,0,3f4ececf,00,0,0,0,3dbf1c93,00,0,1,0,"_","_","_","_"
1022,1022,0,3f4ececf,00,0,0,0,3dbf1c93,00,0,1,0,"_","_","_","_"
1023,1023,0,3f4ececf,00,0,0,0,3dbf1c93,00,0,1,0,"_","_","_","_"
